latitude,longitude,shebei,cengshu,gaodu,zhengpin,cishu,cev,k30,sr,mol,quyu,vbrt_type,id,v,latitude2,longitude2,shebei2,cengshu2,gaodu2,zhengpin2,cishu2,cev2,k302,sr2,mol2,quyu2,vbrt_type2,id2,v2
30.63272292,103.9685447,6667,0,490.11,0,0,0,0,80.76543703,91.51263353,4,0,279016,0,30.63272292,103.9685447,6667,1,490.11,32,1,38.6908,120.6653923,80.76543703,91.51263353,4,0,279016,1
30.63272837,103.968542,6667,0,490.1,0,0,0,0,77.95040905,84.92581714,4,0,279017,0,30.63272837,103.968542,6667,1,490.1,32,1,30.6566,111.9802441,77.95040905,84.92581714,4,0,279017,1
30.63273391,103.9685392,6667,0,490.09,0,0,0,0,75.35462499,79.27295635,4,0,279018,0,30.63273391,103.9685392,6667,1,490.09,31,1,25.3269,104.5265775,75.35462499,79.27295635,4,0,279018,1
30.63273978,103.9685365,6667,0,490.09,0,0,0,0,74.8846971,78.29056901,4,0,279019,0,30.63273978,103.9685365,6667,1,490.09,31,1,21.3186,103.2312355,74.8846971,78.29056901,4,0,279019,1
30.63274584,103.9685347,6667,0,490.08,0,0,0,0,70.64865913,69.96678818,4,0,279020,0,30.63274584,103.9685347,6667,1,490.08,31,1,5.2533,92.2557861,70.64865913,69.96678818,4,0,279020,1
30.63275225,103.9685347,6667,0,490.07,0,0,0,0,86.59518936,106.8230711,4,0,279021,0,30.63275225,103.9685347,6667,1,490.07,31,1,48.097,140.8532056,86.59518936,106.8230711,4,0,279021,1
30.6327585,103.9685363,6667,0,490.07,0,0,0,0,75.96931848,80.57660912,4,0,279022,0,30.6327585,103.9685363,6667,1,490.07,31,1,16.5004,106.2455289,75.96931848,80.57660912,4,0,279022,1
30.63276234,103.9685391,6667,0,490.06,0,0,0,0,77.60637078,84.15403083,4,0,279023,0,30.63276234,103.9685391,6667,1,490.06,31,1,24.154,110.9625934,77.60637078,84.15403083,4,0,279023,1
30.63276516,103.9685438,6667,0,490.05,0,0,0,0,79.09412717,87.5427777,4,0,279024,0,30.63276516,103.9685438,6667,1,490.05,31,1,30.9316,115.4308778,79.09412717,87.5427777,4,0,279024,1
30.63276638,103.9685496,6667,0,490.05,0,0,0,0,77.87376662,84.7532735,4,0,279025,0,30.63276638,103.9685496,6667,1,490.05,31,1,19.4548,111.752734,77.87376662,84.7532735,4,0,279025,1
30.63276607,103.9685556,6667,0,490.05,0,0,0,0,85.06539477,102.5735054,4,0,279026,0,30.63276607,103.9685556,6667,1,490.05,32,1,52.358,135.2498753,85.06539477,102.5735054,4,0,279026,1
30.63276452,103.9685608,6667,0,490.04,0,0,0,0,77.43283863,83.7674086,4,0,279027,0,30.63276452,103.9685608,6667,1,490.04,32,1,19.196,110.4528067,77.43283863,83.7674086,4,0,279027,1
30.63276084,103.9685673,6667,0,490.04,0,0,0,0,79.14838226,87.6689038,4,0,279028,0,30.63276084,103.9685673,6667,1,490.04,31,1,21.4906,115.5971833,79.14838226,87.6689038,4,0,279028,1
30.6327575,103.9685714,6667,0,490.03,0,0,0,0,86.08849042,105.3963794,4,0,279029,0,30.6327575,103.9685714,6667,1,490.03,32,1,40.473,138.9720193,86.08849042,105.3963794,4,0,279029,1
30.63275215,103.968576,6667,0,490.03,0,0,0,0,80.52152926,90.92225101,4,0,279030,0,30.63275215,103.968576,6667,1,490.03,31,1,25.5059,119.8869343,80.52152926,90.92225101,4,0,279030,1
30.63274633,103.9685799,6667,0,490.03,0,0,0,0,77.66552126,84.28622294,4,0,279031,0,30.63274633,103.9685799,6667,1,490.03,31,1,26.1262,111.1368973,77.66552126,84.28622294,4,0,279031,1
30.63274043,103.9685823,6667,0,490.04,0,0,0,0,77.32024786,83.51751177,4,0,279032,0,30.63274043,103.9685823,6667,1,490.04,32,1,30.5612,110.1233014,77.32024786,83.51751177,4,0,279032,1
30.63273506,103.9685846,6667,0,490.04,0,0,0,0,76.68800093,82.12801437,4,0,279033,0,30.63273506,103.9685846,6667,1,490.04,32,1,22.128,108.2911582,76.68800093,82.12801437,4,0,279033,1
30.63273094,103.9685882,6667,0,490.05,0,0,0,0,80.50620955,90.8852968,4,0,279034,0,30.63273094,103.9685882,6667,1,490.05,32,1,26.4638,119.8382078,80.50620955,90.8852968,4,0,279034,1
30.63272777,103.968593,6667,0,490.05,0,0,0,0,86.34708533,106.1220977,4,0,279035,0,30.63272777,103.968593,6667,1,490.05,32,1,46.122,139.9289263,86.34708533,106.1220977,4,0,279035,1
30.63272529,103.9685986,6667,0,490.06,0,0,0,0,83.22738221,97.69072422,4,0,279036,0,30.63272529,103.9685986,6667,1,490.06,31,1,28.9571,128.8116089,83.22738221,97.69072422,4,0,279036,1
30.63272232,103.9686046,6667,0,490.06,0,0,0,0,80.67109768,91.28383041,4,0,279037,0,30.63272232,103.9686046,6667,1,490.06,31,1,36.1781,120.3637004,80.67109768,91.28383041,4,0,279037,1
30.63271844,103.9686099,6667,0,490.07,0,0,0,0,75.50025267,79.57988673,4,0,279038,0,30.63271844,103.9686099,6667,1,490.07,31,1,23.0528,104.9312852,75.50025267,79.57988673,4,0,279038,1
30.63271449,103.9686126,6667,0,490.08,0,0,0,0,81.50004589,93.3140267,4,0,279039,0,30.63271449,103.9686126,6667,1,490.08,31,1,39.8005,123.040647,81.50004589,93.3140267,4,0,279039,1
30.63271015,103.9686149,6667,0,490.09,0,0,0,0,81.02395668,92.14256974,4,0,279040,0,30.63271015,103.9686149,6667,1,490.09,31,1,40.468,121.4960044,81.02395668,92.14256974,4,0,279040,1
30.63270588,103.9686171,6667,0,490.09,0,0,0,0,84.19045012,100.2194567,4,0,279041,0,30.63270588,103.9686171,6667,1,490.09,31,1,47.488,132.1459081,84.19045012,100.2194567,4,0,279041,1
30.63269983,103.96862,6667,0,490.1,0,0,0,0,77.9104805,84.83588298,4,0,279042,0,30.63269983,103.96862,6667,1,490.1,31,1,25.2568,111.86166,77.9104805,84.83588298,4,0,279042,1
30.63269373,103.9686229,6667,0,490.1,0,0,0,0,77.88383264,84.77591492,4,0,279043,0,30.63269373,103.9686229,6667,1,490.1,31,1,20.7379,111.7825882,77.88383264,84.77591492,4,0,279043,1
30.63268715,103.9686245,6667,0,490.11,0,0,0,0,73.59539514,75.65734636,4,0,279044,0,30.63268715,103.9686245,6667,1,490.11,31,1,13.1821,99.75915923,73.59539514,75.65734636,4,0,279044,1
30.63268254,103.9686248,6667,0,490.11,0,0,0,0,81.51107484,93.34134011,4,0,279045,0,30.63268254,103.9686248,6667,1,490.11,31,1,39.0882,123.0766615,81.51107484,93.34134011,4,0,279045,1
30.63267799,103.9686251,6667,0,490.12,0,0,0,0,77.84687385,84.69281345,4,0,279046,0,30.63267799,103.9686251,6667,1,490.12,31,1,24.6088,111.6730135,77.84687385,84.69281345,4,0,279046,1
30.63267152,103.9686257,6667,0,490.13,0,0,0,0,72.20872249,72.92402436,4,0,279047,0,30.63267152,103.9686257,6667,1,490.13,31,1,9.3103,96.15509541,72.20872249,72.92402436,4,0,279047,1
30.63266553,103.9686273,6667,0,490.14,0,0,0,0,70.20945995,69.15609473,4,0,279048,0,30.63266553,103.9686273,6667,1,490.14,31,1,5.6623,91.18683377,70.20945995,69.15609473,4,0,279048,1
30.63266041,103.9686303,6667,0,490.14,0,0,0,0,81.15508643,92.46375001,4,0,279049,0,30.63266041,103.9686303,6667,1,490.14,31,1,26.0368,121.9195016,81.15508643,92.46375001,4,0,279049,1
30.63265667,103.9686349,6667,0,490.15,0,0,0,0,74.91521448,78.35399451,4,0,279050,0,30.63265667,103.9686349,6667,1,490.15,31,1,11.6714,103.3148662,74.91521448,78.35399451,4,0,279050,1
30.6326537,103.9686401,6667,0,490.16,0,0,0,0,73.65362886,75.77434819,4,0,279051,0,30.6326537,103.9686401,6667,1,490.16,31,1,13.5957,99.9134338,73.65362886,75.77434819,4,0,279051,1
30.63265014,103.9686454,6667,0,490.16,0,0,0,0,84.29207512,100.4900829,4,0,279052,0,30.63265014,103.9686454,6667,1,490.16,31,1,45.881,132.5027465,84.29207512,100.4900829,4,0,279052,1
30.63264561,103.9686503,6667,0,490.17,0,0,0,0,78.82117276,86.91099162,4,0,279053,0,30.63264561,103.9686503,6667,1,490.17,31,1,30.9653,114.5978265,78.82117276,86.91099162,4,0,279053,1
30.63264018,103.9686545,6667,0,490.17,0,0,0,0,76.03530675,80.7178263,4,0,279054,0,30.63264018,103.9686545,6667,1,490.17,31,1,21.9989,106.431733,76.03530675,80.7178263,4,0,279054,1
30.63263577,103.9686563,6667,0,490.18,0,0,0,0,82.59246798,96.0586251,4,0,279055,0,30.63263577,103.9686563,6667,1,490.18,32,1,37.4898,126.6595795,82.59246798,96.0586251,4,0,279055,1
30.63263088,103.9686564,6667,0,490.18,0,0,0,0,77.30829389,83.49102358,4,0,279056,0,30.63263088,103.9686564,6667,1,490.18,31,1,31.5266,110.088375,77.30829389,83.49102358,4,0,279056,1
30.63262606,103.968655,6667,0,490.18,0,0,0,0,74.77979719,78.07294252,4,0,279057,0,30.63262606,103.968655,6667,1,490.18,31,1,19.6214,102.9442807,74.77979719,78.07294252,4,0,279057,1
30.6326217,103.9686525,6667,0,490.19,0,0,0,0,80.7436635,91.45977489,4,0,279058,0,30.6326217,103.9686525,6667,1,490.19,31,1,30.8241,120.5956947,80.7436635,91.45977489,4,0,279058,1
30.632618,103.9686489,6667,0,490.19,0,0,0,0,77.18184823,83.211353,4,0,279059,0,30.632618,103.9686489,6667,1,490.19,31,1,25.2754,109.719611,77.18184823,83.211353,4,0,279059,1
30.63261498,103.9686446,6667,0,490.19,0,0,0,0,77.42116375,83.74146133,4,0,279060,0,30.63261498,103.9686446,6667,1,490.19,31,1,25.3202,110.4185935,77.42116375,83.74146133,4,0,279060,1
30.63261261,103.9686399,6667,0,490.19,0,0,0,0,77.06444389,82.95251866,4,0,279061,0,30.63261261,103.9686399,6667,1,490.19,31,1,19.7427,109.378321,77.06444389,82.95251866,4,0,279061,1
30.6326109,103.968635,6667,0,490.19,0,0,0,0,81.35326278,92.95127538,4,0,279062,0,30.6326109,103.968635,6667,1,490.19,32,1,30.736,122.5623357,81.35326278,92.95127538,4,0,279062,1
30.63260973,103.9686298,6667,0,490.2,0,0,0,0,78.52223858,86.22430215,4,0,279063,0,30.63260973,103.9686298,6667,1,490.2,32,1,25.1974,113.6923815,78.52223858,86.22430215,4,0,279063,1
30.63260887,103.9686244,6667,0,490.2,0,0,0,0,77.457985,83.8233234,4,0,279064,0,30.63260887,103.9686244,6667,1,490.2,31,1,28.1483,110.526534,77.457985,83.8233234,4,0,279064,1
30.63260844,103.9686191,6667,0,490.2,0,0,0,0,83.74083045,99.03084336,4,0,279065,0,30.63260844,103.9686191,6667,1,490.2,31,1,30.2749,130.5786437,83.74083045,99.03084336,4,0,279065,1
30.63260795,103.968614,6667,0,490.2,0,0,0,0,74.89860775,78.3194737,4,0,279066,0,30.63260795,103.968614,6667,1,490.2,31,1,13.737,103.2693482,74.89860775,78.3194737,4,0,279066,1
30.63260691,103.9686066,6667,0,490.2,0,0,0,0,76.00826561,80.65992742,4,0,279067,0,30.63260691,103.9686066,6667,1,490.2,31,1,24.5004,106.3553895,76.00826561,80.65992742,4,0,279067,1
30.63260582,103.9685993,6667,0,490.21,0,0,0,0,75.43080056,79.43335891,4,0,279068,0,30.63260582,103.9685993,6667,1,490.21,31,1,13.6822,104.7380787,75.43080056,79.43335891,4,0,279068,1
30.63272292,103.9685447,6667,1,490.11,32,1,38.6908,120.6653923,80.76543703,91.51263353,4,0,279016,1,30.63272292,103.9685447,6667,1,490.11,32,2,41.1466,120.6653923,80.76543703,91.51263353,4,0,279287,0.83
30.63272837,103.968542,6667,1,490.1,32,1,30.6566,111.9802441,77.95040905,84.92581714,4,0,279017,1,30.63272837,103.968542,6667,1,490.1,32,2,25.0378,111.9802441,77.95040905,84.92581714,4,0,279288,0.83
30.63273391,103.9685392,6667,1,490.09,31,1,25.3269,104.5265775,75.35462499,79.27295635,4,0,279018,1,30.63273391,103.9685392,6667,1,490.09,31,2,26.9461,104.5265775,75.35462499,79.27295635,4,0,279289,0.83
30.63273978,103.9685365,6667,1,490.09,31,1,21.3186,103.2312355,74.8846971,78.29056901,4,0,279019,1,30.63273978,103.9685365,6667,1,490.09,31,2,23.9117,103.2312355,74.8846971,78.29056901,4,0,279290,0.83
30.63274584,103.9685347,6667,1,490.08,31,1,5.2533,92.2557861,70.64865913,69.96678818,4,0,279020,1,30.63274584,103.9685347,6667,1,490.08,31,2,9.4908,92.2557861,70.64865913,69.96678818,4,0,279291,0.83
30.63275225,103.9685347,6667,1,490.07,31,1,48.097,140.8532056,86.59518936,106.8230711,4,0,279021,1,30.63275225,103.9685347,6667,1,490.07,31,2,53.947,140.8532056,86.59518936,106.8230711,4,0,279292,0.83
30.6327585,103.9685363,6667,1,490.07,31,1,16.5004,106.2455289,75.96931848,80.57660912,4,0,279022,1,30.6327585,103.9685363,6667,1,490.07,31,2,19.0226,106.2455289,75.96931848,80.57660912,4,0,279293,0.83
30.63276234,103.9685391,6667,1,490.06,31,1,24.154,110.9625934,77.60637078,84.15403083,4,0,279023,1,30.63276234,103.9685391,6667,1,490.06,31,2,35.3333,110.9625934,77.60637078,84.15403083,4,0,279294,0.83
30.63276516,103.9685438,6667,1,490.05,31,1,30.9316,115.4308778,79.09412717,87.5427777,4,0,279024,1,30.63276516,103.9685438,6667,1,490.05,31,2,35.6709,115.4308778,79.09412717,87.5427777,4,0,279295,0.83
30.63276638,103.9685496,6667,1,490.05,31,1,19.4548,111.752734,77.87376662,84.7532735,4,0,279025,1,30.63276638,103.9685496,6667,1,490.05,31,2,33.3697,111.752734,77.87376662,84.7532735,4,0,279296,0.83
30.63276607,103.9685556,6667,1,490.05,32,1,52.358,135.2498753,85.06539477,102.5735054,4,0,279026,1,30.63276607,103.9685556,6667,1,490.05,32,2,46.554,135.2498753,85.06539477,102.5735054,4,0,279297,0.83
30.63276452,103.9685608,6667,1,490.04,32,1,19.196,110.4528067,77.43283863,83.7674086,4,0,279027,1,30.63276452,103.9685608,6667,1,490.04,32,2,29.6817,110.4528067,77.43283863,83.7674086,4,0,279298,0.83
30.63276084,103.9685673,6667,1,490.04,31,1,21.4906,115.5971833,79.14838226,87.6689038,4,0,279028,1,30.63276084,103.9685673,6667,1,490.04,31,2,27.7088,115.5971833,79.14838226,87.6689038,4,0,279299,0.83
30.6327575,103.9685714,6667,1,490.03,32,1,40.473,138.9720193,86.08849042,105.3963794,4,0,279029,1,30.6327575,103.9685714,6667,1,490.03,32,2,41.7024,138.9720193,86.08849042,105.3963794,4,0,279300,0.83
30.63275215,103.968576,6667,1,490.03,31,1,25.5059,119.8869343,80.52152926,90.92225101,4,0,279030,1,30.63275215,103.968576,6667,1,490.03,31,2,31.9503,119.8869343,80.52152926,90.92225101,4,0,279301,0.83
30.63274633,103.9685799,6667,1,490.03,31,1,26.1262,111.1368973,77.66552126,84.28622294,4,0,279031,1,30.63274633,103.9685799,6667,1,490.03,31,2,35.5589,111.1368973,77.66552126,84.28622294,4,0,279302,0.83
30.63274043,103.9685823,6667,1,490.04,32,1,30.5612,110.1233014,77.32024786,83.51751177,4,0,279032,1,30.63274043,103.9685823,6667,1,490.04,32,2,24.5399,110.1233014,77.32024786,83.51751177,4,0,279303,0.83
30.63273506,103.9685846,6667,1,490.04,32,1,22.128,108.2911582,76.68800093,82.12801437,4,0,279033,1,30.63273506,103.9685846,6667,1,490.04,32,2,34.461,108.2911582,76.68800093,82.12801437,4,0,279304,0.83
30.63273094,103.9685882,6667,1,490.05,32,1,26.4638,119.8382078,80.50620955,90.8852968,4,0,279034,1,30.63273094,103.9685882,6667,1,490.05,32,2,39.7654,119.8382078,80.50620955,90.8852968,4,0,279305,0.83
30.63272777,103.968593,6667,1,490.05,32,1,46.122,139.9289263,86.34708533,106.1220977,4,0,279035,1,30.63272777,103.968593,6667,1,490.05,32,2,57.45,139.9289263,86.34708533,106.1220977,4,0,279306,0.83
30.63272529,103.9685986,6667,1,490.06,31,1,28.9571,128.8116089,83.22738221,97.69072422,4,0,279036,1,30.63272529,103.9685986,6667,1,490.06,31,2,33.6659,128.8116089,83.22738221,97.69072422,4,0,279307,0.83
30.63272232,103.9686046,6667,1,490.06,31,1,36.1781,120.3637004,80.67109768,91.28383041,4,0,279037,1,30.63272232,103.9686046,6667,1,490.06,31,2,42.9907,120.3637004,80.67109768,91.28383041,4,0,279308,0.83
30.63271844,103.9686099,6667,1,490.07,31,1,23.0528,104.9312852,75.50025267,79.57988673,4,0,279038,1,30.63271844,103.9686099,6667,1,490.07,31,2,19.5284,104.9312852,75.50025267,79.57988673,4,0,279309,0.83
30.63271449,103.9686126,6667,1,490.08,31,1,39.8005,123.040647,81.50004589,93.3140267,4,0,279039,1,30.63271449,103.9686126,6667,1,490.08,31,2,32.8468,123.040647,81.50004589,93.3140267,4,0,279310,0.83
30.63271015,103.9686149,6667,1,490.09,31,1,40.468,121.4960044,81.02395668,92.14256974,4,0,279040,1,30.63271015,103.9686149,6667,1,490.09,31,2,32.7509,121.4960044,81.02395668,92.14256974,4,0,279311,0.83
30.63270588,103.9686171,6667,1,490.09,31,1,47.488,132.1459081,84.19045012,100.2194567,4,0,279041,1,30.63270588,103.9686171,6667,1,490.09,31,2,51.293,132.1459081,84.19045012,100.2194567,4,0,279312,0.83
30.63269983,103.96862,6667,1,490.1,31,1,25.2568,111.86166,77.9104805,84.83588298,4,0,279042,1,30.63269983,103.96862,6667,1,490.1,31,2,26.1317,111.86166,77.9104805,84.83588298,4,0,279313,0.83
30.63269373,103.9686229,6667,1,490.1,31,1,20.7379,111.7825882,77.88383264,84.77591492,4,0,279043,1,30.63269373,103.9686229,6667,1,490.1,31,2,34.1505,111.7825882,77.88383264,84.77591492,4,0,279314,0.83
30.63268715,103.9686245,6667,1,490.11,31,1,13.1821,99.75915923,73.59539514,75.65734636,4,0,279044,1,30.63268715,103.9686245,6667,1,490.11,31,2,14.5817,99.75915923,73.59539514,75.65734636,4,0,279315,0.83
30.63268254,103.9686248,6667,1,490.11,31,1,39.0882,123.0766615,81.51107484,93.34134011,4,0,279045,1,30.63268254,103.9686248,6667,1,490.11,31,2,41.1221,123.0766615,81.51107484,93.34134011,4,0,279316,0.83
30.63267799,103.9686251,6667,1,490.12,31,1,24.6088,111.6730135,77.84687385,84.69281345,4,0,279046,1,30.63267799,103.9686251,6667,1,490.12,31,2,31.7098,111.6730135,77.84687385,84.69281345,4,0,279317,0.83
30.63267152,103.9686257,6667,1,490.13,31,1,9.3103,96.15509541,72.20872249,72.92402436,4,0,279047,1,30.63267152,103.9686257,6667,1,490.13,31,2,25.0069,96.15509541,72.20872249,72.92402436,4,0,279318,0.83
30.63266553,103.9686273,6667,1,490.14,31,1,5.6623,91.18683377,70.20945995,69.15609473,4,0,279048,1,30.63266553,103.9686273,6667,1,490.14,31,2,9.6347,91.18683377,70.20945995,69.15609473,4,0,279319,0.83
30.63266041,103.9686303,6667,1,490.14,31,1,26.0368,121.9195016,81.15508643,92.46375001,4,0,279049,1,30.63266041,103.9686303,6667,1,490.14,31,2,43.5235,121.9195016,81.15508643,92.46375001,4,0,279320,0.83
30.63265667,103.9686349,6667,1,490.15,31,1,11.6714,103.3148662,74.91521448,78.35399451,4,0,279050,1,30.63265667,103.9686349,6667,1,490.15,31,2,27.7831,103.3148662,74.91521448,78.35399451,4,0,279321,0.83
30.6326537,103.9686401,6667,1,490.16,31,1,13.5957,99.9134338,73.65362886,75.77434819,4,0,279051,1,30.6326537,103.9686401,6667,1,490.16,31,2,27.3853,99.9134338,73.65362886,75.77434819,4,0,279322,0.83
30.63265014,103.9686454,6667,1,490.16,31,1,45.881,132.5027465,84.29207512,100.4900829,4,0,279052,1,30.63265014,103.9686454,6667,1,490.16,31,2,42.7944,132.5027465,84.29207512,100.4900829,4,0,279323,0.83
30.63264561,103.9686503,6667,1,490.17,31,1,30.9653,114.5978265,78.82117276,86.91099162,4,0,279053,1,30.63264561,103.9686503,6667,1,490.17,31,2,35.879,114.5978265,78.82117276,86.91099162,4,0,279324,0.83
30.63264018,103.9686545,6667,1,490.17,31,1,21.9989,106.431733,76.03530675,80.7178263,4,0,279054,1,30.63264018,103.9686545,6667,1,490.17,31,2,25.4776,106.431733,76.03530675,80.7178263,4,0,279325,0.83
30.63263577,103.9686563,6667,1,490.18,32,1,37.4898,126.6595795,82.59246798,96.0586251,4,0,279055,1,30.63263577,103.9686563,6667,1,490.18,32,2,47.26,126.6595795,82.59246798,96.0586251,4,0,279326,0.83
30.63263088,103.9686564,6667,1,490.18,31,1,31.5266,110.088375,77.30829389,83.49102358,4,0,279056,1,30.63263088,103.9686564,6667,1,490.18,31,2,30.3964,110.088375,77.30829389,83.49102358,4,0,279327,0.83
30.63262606,103.968655,6667,1,490.18,31,1,19.6214,102.9442807,74.77979719,78.07294252,4,0,279057,1,30.63262606,103.968655,6667,1,490.18,31,2,30.4281,102.9442807,74.77979719,78.07294252,4,0,279328,0.83
30.6326217,103.9686525,6667,1,490.19,31,1,30.8241,120.5956947,80.7436635,91.45977489,4,0,279058,1,30.6326217,103.9686525,6667,1,490.19,31,2,37.1863,120.5956947,80.7436635,91.45977489,4,0,279329,0.83
30.632618,103.9686489,6667,1,490.19,31,1,25.2754,109.719611,77.18184823,83.211353,4,0,279059,1,30.632618,103.9686489,6667,1,490.19,31,2,25.074,109.719611,77.18184823,83.211353,4,0,279330,0.83
30.63261498,103.9686446,6667,1,490.19,31,1,25.3202,110.4185935,77.42116375,83.74146133,4,0,279060,1,30.63261498,103.9686446,6667,1,490.19,31,2,27.6613,110.4185935,77.42116375,83.74146133,4,0,279331,0.83
30.63261261,103.9686399,6667,1,490.19,31,1,19.7427,109.378321,77.06444389,82.95251866,4,0,279061,1,30.63261261,103.9686399,6667,1,490.19,31,2,35.9359,109.378321,77.06444389,82.95251866,4,0,279332,0.83
30.6326109,103.968635,6667,1,490.19,32,1,30.736,122.5623357,81.35326278,92.95127538,4,0,279062,1,30.6326109,103.968635,6667,1,490.19,32,2,39.5204,122.5623357,81.35326278,92.95127538,4,0,279333,0.83
30.63260973,103.9686298,6667,1,490.2,32,1,25.1974,113.6923815,78.52223858,86.22430215,4,0,279063,1,30.63260973,103.9686298,6667,1,490.2,32,2,27.3735,113.6923815,78.52223858,86.22430215,4,0,279334,0.83
30.63260887,103.9686244,6667,1,490.2,31,1,28.1483,110.526534,77.457985,83.8233234,4,0,279064,1,30.63260887,103.9686244,6667,1,490.2,31,2,23.8329,110.526534,77.457985,83.8233234,4,0,279335,0.83
30.63260844,103.9686191,6667,1,490.2,31,1,30.2749,130.5786437,83.74083045,99.03084336,4,0,279065,1,30.63260844,103.9686191,6667,1,490.2,31,2,42.0632,130.5786437,83.74083045,99.03084336,4,0,279336,0.83
30.63260795,103.968614,6667,1,490.2,31,1,13.737,103.2693482,74.89860775,78.3194737,4,0,279066,1,30.63260795,103.968614,6667,1,490.2,31,2,29.3,103.2693482,74.89860775,78.3194737,4,0,279337,0.83
30.63260691,103.9686066,6667,1,490.2,31,1,24.5004,106.3553895,76.00826561,80.65992742,4,0,279067,1,30.63260691,103.9686066,6667,1,490.2,31,2,24.6198,106.3553895,76.00826561,80.65992742,4,0,279338,0.83
30.63260582,103.9685993,6667,1,490.21,31,1,13.6822,104.7380787,75.43080056,79.43335891,4,0,279068,1,30.63260582,103.9685993,6667,1,490.21,31,2,16.8702,104.7380787,75.43080056,79.43335891,4,0,279339,0.83
30.63272292,103.9685447,6667,1,490.11,32,2,41.1466,120.6653923,80.76543703,91.51263353,4,0,279287,0.83,30.63272292,103.9685447,6667,1,490.11,32,3,50.6949,120.6653923,80.76543703,91.51263353,4,0,279016,0.96
30.63272837,103.968542,6667,1,490.1,32,2,25.0378,111.9802441,77.95040905,84.92581714,4,0,279288,0.83,30.63272837,103.968542,6667,1,490.1,32,3,44.5044,111.9802441,77.95040905,84.92581714,4,0,279017,0.96
30.63273391,103.9685392,6667,1,490.09,31,2,26.9461,104.5265775,75.35462499,79.27295635,4,0,279289,0.83,30.63273391,103.9685392,6667,1,490.09,31,3,42.2606,104.5265775,75.35462499,79.27295635,4,0,279018,0.96
30.63273978,103.9685365,6667,1,490.09,31,2,23.9117,103.2312355,74.8846971,78.29056901,4,0,279290,0.83,30.63273978,103.9685365,6667,1,490.09,31,3,38.4458,103.2312355,74.8846971,78.29056901,4,0,279019,0.96
30.63274584,103.9685347,6667,1,490.08,31,2,9.4908,92.2557861,70.64865913,69.96678818,4,0,279291,0.83,30.63274584,103.9685347,6667,1,490.08,31,3,35.9973,92.2557861,70.64865913,69.96678818,4,0,279020,0.96
30.63275225,103.9685347,6667,1,490.07,31,2,53.947,140.8532056,86.59518936,106.8230711,4,0,279292,0.83,30.63275225,103.9685347,6667,1,490.07,31,3,58.6477,140.8532056,86.59518936,106.8230711,4,0,279021,0.96
30.6327585,103.9685363,6667,1,490.07,31,2,19.0226,106.2455289,75.96931848,80.57660912,4,0,279293,0.83,30.6327585,103.9685363,6667,1,490.07,31,3,35.8609,106.2455289,75.96931848,80.57660912,4,0,279022,0.96
30.63276234,103.9685391,6667,1,490.06,31,2,35.3333,110.9625934,77.60637078,84.15403083,4,0,279294,0.83,30.63276234,103.9685391,6667,1,490.06,31,3,41.5654,110.9625934,77.60637078,84.15403083,4,0,279023,0.96
30.63276516,103.9685438,6667,1,490.05,31,2,35.6709,115.4308778,79.09412717,87.5427777,4,0,279295,0.83,30.63276516,103.9685438,6667,1,490.05,31,3,56.1452,115.4308778,79.09412717,87.5427777,4,0,279024,0.96
30.63276638,103.9685496,6667,1,490.05,31,2,33.3697,111.752734,77.87376662,84.7532735,4,0,279296,0.83,30.63276638,103.9685496,6667,1,490.05,31,3,42.3143,111.752734,77.87376662,84.7532735,4,0,279025,0.96
30.63276607,103.9685556,6667,1,490.05,32,2,46.554,135.2498753,85.06539477,102.5735054,4,0,279297,0.83,30.63276607,103.9685556,6667,1,490.05,32,3,59.1081,135.2498753,85.06539477,102.5735054,4,0,279026,0.96
30.63276452,103.9685608,6667,1,490.04,32,2,29.6817,110.4528067,77.43283863,83.7674086,4,0,279298,0.83,30.63276452,103.9685608,6667,1,490.04,32,3,39.6115,110.4528067,77.43283863,83.7674086,4,0,279027,0.96
30.63276084,103.9685673,6667,1,490.04,31,2,27.7088,115.5971833,79.14838226,87.6689038,4,0,279299,0.83,30.63276084,103.9685673,6667,1,490.04,31,3,40.0983,115.5971833,79.14838226,87.6689038,4,0,279028,0.96
30.6327575,103.9685714,6667,1,490.03,32,2,41.7024,138.9720193,86.08849042,105.3963794,4,0,279300,0.83,30.6327575,103.9685714,6667,1,490.03,32,3,66.444,138.9720193,86.08849042,105.3963794,4,0,279029,0.96
30.63275215,103.968576,6667,1,490.03,31,2,31.9503,119.8869343,80.52152926,90.92225101,4,0,279301,0.83,30.63275215,103.968576,6667,1,490.03,31,3,44.6935,119.8869343,80.52152926,90.92225101,4,0,279030,0.96
30.63274633,103.9685799,6667,1,490.03,31,2,35.5589,111.1368973,77.66552126,84.28622294,4,0,279302,0.83,30.63274633,103.9685799,6667,1,490.03,31,3,36.4244,111.1368973,77.66552126,84.28622294,4,0,279031,0.96
30.63274043,103.9685823,6667,1,490.04,32,2,24.5399,110.1233014,77.32024786,83.51751177,4,0,279303,0.83,30.63274043,103.9685823,6667,1,490.04,32,3,40.2028,110.1233014,77.32024786,83.51751177,4,0,279032,0.96
30.63273506,103.9685846,6667,1,490.04,32,2,34.461,108.2911582,76.68800093,82.12801437,4,0,279304,0.83,30.63273506,103.9685846,6667,1,490.04,32,3,46.8537,108.2911582,76.68800093,82.12801437,4,0,279033,0.96
30.63273094,103.9685882,6667,1,490.05,32,2,39.7654,119.8382078,80.50620955,90.8852968,4,0,279305,0.83,30.63273094,103.9685882,6667,1,490.05,32,3,56.2994,119.8382078,80.50620955,90.8852968,4,0,279034,0.96
30.63272777,103.968593,6667,1,490.05,32,2,57.45,139.9289263,86.34708533,106.1220977,4,0,279306,0.83,30.63272777,103.968593,6667,1,490.05,32,3,59.0555,139.9289263,86.34708533,106.1220977,4,0,279035,0.96
30.63272529,103.9685986,6667,1,490.06,31,2,33.6659,128.8116089,83.22738221,97.69072422,4,0,279307,0.83,30.63272529,103.9685986,6667,1,490.06,31,3,55.4588,128.8116089,83.22738221,97.69072422,4,0,279036,0.96
30.63272232,103.9686046,6667,1,490.06,31,2,42.9907,120.3637004,80.67109768,91.28383041,4,0,279308,0.83,30.63272232,103.9686046,6667,1,490.06,31,3,59.7128,120.3637004,80.67109768,91.28383041,4,0,279037,0.96
30.63271844,103.9686099,6667,1,490.07,31,2,19.5284,104.9312852,75.50025267,79.57988673,4,0,279309,0.83,30.63271844,103.9686099,6667,1,490.07,31,3,39.1852,104.9312852,75.50025267,79.57988673,4,0,279038,0.96
30.63271449,103.9686126,6667,1,490.08,31,2,32.8468,123.040647,81.50004589,93.3140267,4,0,279310,0.83,30.63271449,103.9686126,6667,1,490.08,31,3,46.5496,123.040647,81.50004589,93.3140267,4,0,279039,0.96
30.63271015,103.9686149,6667,1,490.09,31,2,32.7509,121.4960044,81.02395668,92.14256974,4,0,279311,0.83,30.63271015,103.9686149,6667,1,490.09,31,3,43.3593,121.4960044,81.02395668,92.14256974,4,0,279040,0.96
30.63270588,103.9686171,6667,1,490.09,31,2,51.293,132.1459081,84.19045012,100.2194567,4,0,279312,0.83,30.63270588,103.9686171,6667,1,490.09,31,3,53.0505,132.1459081,84.19045012,100.2194567,4,0,279041,0.96
30.63269983,103.96862,6667,1,490.1,31,2,26.1317,111.86166,77.9104805,84.83588298,4,0,279313,0.83,30.63269983,103.96862,6667,1,490.1,31,3,47.0247,111.86166,77.9104805,84.83588298,4,0,279042,0.96
30.63269373,103.9686229,6667,1,490.1,31,2,34.1505,111.7825882,77.88383264,84.77591492,4,0,279314,0.83,30.63269373,103.9686229,6667,1,490.1,31,3,37.6252,111.7825882,77.88383264,84.77591492,4,0,279043,0.96
30.63268715,103.9686245,6667,1,490.11,31,2,14.5817,99.75915923,73.59539514,75.65734636,4,0,279315,0.83,30.63268715,103.9686245,6667,1,490.11,31,3,30.3318,99.75915923,73.59539514,75.65734636,4,0,279044,0.96
30.63268254,103.9686248,6667,1,490.11,31,2,41.1221,123.0766615,81.51107484,93.34134011,4,0,279316,0.83,30.63268254,103.9686248,6667,1,490.11,31,3,47.3164,123.0766615,81.51107484,93.34134011,4,0,279045,0.96
30.63267799,103.9686251,6667,1,490.12,31,2,31.7098,111.6730135,77.84687385,84.69281345,4,0,279317,0.83,30.63267799,103.9686251,6667,1,490.12,31,3,37.0449,111.6730135,77.84687385,84.69281345,4,0,279046,0.96
30.63267152,103.9686257,6667,1,490.13,31,2,25.0069,96.15509541,72.20872249,72.92402436,4,0,279318,0.83,30.63267152,103.9686257,6667,1,490.13,31,3,32.0567,96.15509541,72.20872249,72.92402436,4,0,279047,0.96
30.63266553,103.9686273,6667,1,490.14,31,2,9.6347,91.18683377,70.20945995,69.15609473,4,0,279319,0.83,30.63266553,103.9686273,6667,1,490.14,31,3,33.9515,91.18683377,70.20945995,69.15609473,4,0,279048,0.96
30.63266041,103.9686303,6667,1,490.14,31,2,43.5235,121.9195016,81.15508643,92.46375001,4,0,279320,0.83,30.63266041,103.9686303,6667,1,490.14,31,3,55.31,121.9195016,81.15508643,92.46375001,4,0,279049,0.96
30.63265667,103.9686349,6667,1,490.15,31,2,27.7831,103.3148662,74.91521448,78.35399451,4,0,279321,0.83,30.63265667,103.9686349,6667,1,490.15,31,3,31.0498,103.3148662,74.91521448,78.35399451,4,0,279050,0.96
30.6326537,103.9686401,6667,1,490.16,31,2,27.3853,99.9134338,73.65362886,75.77434819,4,0,279322,0.83,30.6326537,103.9686401,6667,1,490.16,31,3,35.3987,99.9134338,73.65362886,75.77434819,4,0,279051,0.96
30.63265014,103.9686454,6667,1,490.16,31,2,42.7944,132.5027465,84.29207512,100.4900829,4,0,279323,0.83,30.63265014,103.9686454,6667,1,490.16,31,3,36.7543,132.5027465,84.29207512,100.4900829,4,0,279052,0.96
30.63264561,103.9686503,6667,1,490.17,31,2,35.879,114.5978265,78.82117276,86.91099162,4,0,279324,0.83,30.63264561,103.9686503,6667,1,490.17,31,3,26.7214,114.5978265,78.82117276,86.91099162,4,0,279053,0.96
30.63264018,103.9686545,6667,1,490.17,31,2,25.4776,106.431733,76.03530675,80.7178263,4,0,279325,0.83,30.63264018,103.9686545,6667,1,490.17,31,3,18.7224,106.431733,76.03530675,80.7178263,4,0,279054,0.96
30.63263577,103.9686563,6667,1,490.18,32,2,47.26,126.6595795,82.59246798,96.0586251,4,0,279326,0.83,30.63263577,103.9686563,6667,1,490.18,32,3,27.9652,126.6595795,82.59246798,96.0586251,4,0,279055,0.96
30.63263088,103.9686564,6667,1,490.18,31,2,30.3964,110.088375,77.30829389,83.49102358,4,0,279327,0.83,30.63263088,103.9686564,6667,1,490.18,31,3,35.0797,110.088375,77.30829389,83.49102358,4,0,279056,0.96
30.63262606,103.968655,6667,1,490.18,31,2,30.4281,102.9442807,74.77979719,78.07294252,4,0,279328,0.83,30.63262606,103.968655,6667,1,490.18,31,3,33.3293,102.9442807,74.77979719,78.07294252,4,0,279057,0.96
30.6326217,103.9686525,6667,1,490.19,31,2,37.1863,120.5956947,80.7436635,91.45977489,4,0,279329,0.83,30.6326217,103.9686525,6667,1,490.19,31,3,24.6322,120.5956947,80.7436635,91.45977489,4,0,279058,0.96
30.632618,103.9686489,6667,1,490.19,31,2,25.074,109.719611,77.18184823,83.211353,4,0,279330,0.83,30.632618,103.9686489,6667,1,490.19,31,3,31.3895,109.719611,77.18184823,83.211353,4,0,279059,0.96
30.63261498,103.9686446,6667,1,490.19,31,2,27.6613,110.4185935,77.42116375,83.74146133,4,0,279331,0.83,30.63261498,103.9686446,6667,1,490.19,31,3,37.686,110.4185935,77.42116375,83.74146133,4,0,279060,0.96
30.63261261,103.9686399,6667,1,490.19,31,2,35.9359,109.378321,77.06444389,82.95251866,4,0,279332,0.83,30.63261261,103.9686399,6667,1,490.19,31,3,31.5248,109.378321,77.06444389,82.95251866,4,0,279061,0.96
30.6326109,103.968635,6667,1,490.19,32,2,39.5204,122.5623357,81.35326278,92.95127538,4,0,279333,0.83,30.6326109,103.968635,6667,1,490.19,32,3,22.4551,122.5623357,81.35326278,92.95127538,4,0,279062,0.96
30.63260973,103.9686298,6667,1,490.2,32,2,27.3735,113.6923815,78.52223858,86.22430215,4,0,279334,0.83,30.63260973,103.9686298,6667,1,490.2,32,3,29.6174,113.6923815,78.52223858,86.22430215,4,0,279063,0.96
30.63260887,103.9686244,6667,1,490.2,31,2,23.8329,110.526534,77.457985,83.8233234,4,0,279335,0.83,30.63260887,103.9686244,6667,1,490.2,31,3,29.6075,110.526534,77.457985,83.8233234,4,0,279064,0.96
30.63260844,103.9686191,6667,1,490.2,31,2,42.0632,130.5786437,83.74083045,99.03084336,4,0,279336,0.83,30.63260844,103.9686191,6667,1,490.2,31,3,44.9216,130.5786437,83.74083045,99.03084336,4,0,279065,0.96
30.63260795,103.968614,6667,1,490.2,31,2,29.3,103.2693482,74.89860775,78.3194737,4,0,279337,0.83,30.63260795,103.968614,6667,1,490.2,31,3,24.2027,103.2693482,74.89860775,78.3194737,4,0,279066,0.96
30.63260691,103.9686066,6667,1,490.2,31,2,24.6198,106.3553895,76.00826561,80.65992742,4,0,279338,0.83,30.63260691,103.9686066,6667,1,490.2,31,3,27.6078,106.3553895,76.00826561,80.65992742,4,0,279067,0.96
30.63260582,103.9685993,6667,1,490.21,31,2,16.8702,104.7380787,75.43080056,79.43335891,4,0,279339,0.83,30.63260582,103.9685993,6667,1,490.21,31,3,23.8056,104.7380787,75.43080056,79.43335891,4,0,279068,0.96
30.63272292,103.9685447,6667,1,490.11,32,3,50.6949,120.6653923,80.76543703,91.51263353,4,0,279016,0.96,30.63272292,103.9685447,6667,1,490.11,32,4,59.6068,120.6653923,80.76543703,91.51263353,4,0,279016,1
30.63272837,103.968542,6667,1,490.1,32,3,44.5044,111.9802441,77.95040905,84.92581714,4,0,279017,0.96,30.63272837,103.968542,6667,1,490.1,32,4,36.0186,111.9802441,77.95040905,84.92581714,4,0,279017,1
30.63273391,103.9685392,6667,1,490.09,31,3,42.2606,104.5265775,75.35462499,79.27295635,4,0,279018,0.96,30.63273391,103.9685392,6667,1,490.09,31,4,51.3886,104.5265775,75.35462499,79.27295635,4,0,279018,1
30.63273978,103.9685365,6667,1,490.09,31,3,38.4458,103.2312355,74.8846971,78.29056901,4,0,279019,0.96,30.63273978,103.9685365,6667,1,490.09,31,4,62.5737,103.2312355,74.8846971,78.29056901,4,0,279019,1
30.63274584,103.9685347,6667,1,490.08,31,3,35.9973,92.2557861,70.64865913,69.96678818,4,0,279020,0.96,30.63274584,103.9685347,6667,1,490.08,31,4,52.6912,92.2557861,70.64865913,69.96678818,4,0,279020,1
30.63275225,103.9685347,6667,1,490.07,31,3,58.6477,140.8532056,86.59518936,106.8230711,4,0,279021,0.96,30.63275225,103.9685347,6667,1,490.07,31,4,59.2294,140.8532056,86.59518936,106.8230711,4,0,279021,1
30.6327585,103.9685363,6667,1,490.07,31,3,35.8609,106.2455289,75.96931848,80.57660912,4,0,279022,0.96,30.6327585,103.9685363,6667,1,490.07,31,4,36.2473,106.2455289,75.96931848,80.57660912,4,0,279022,1
30.63276234,103.9685391,6667,1,490.06,31,3,41.5654,110.9625934,77.60637078,84.15403083,4,0,279023,0.96,30.63276234,103.9685391,6667,1,490.06,31,4,49.61,110.9625934,77.60637078,84.15403083,4,0,279023,1
30.63276516,103.9685438,6667,1,490.05,31,3,56.1452,115.4308778,79.09412717,87.5427777,4,0,279024,0.96,30.63276516,103.9685438,6667,1,490.05,31,4,51.4016,115.4308778,79.09412717,87.5427777,4,0,279024,1
30.63276638,103.9685496,6667,1,490.05,31,3,42.3143,111.752734,77.87376662,84.7532735,4,0,279025,0.96,30.63276638,103.9685496,6667,1,490.05,31,4,52.216,111.752734,77.87376662,84.7532735,4,0,279025,1
30.63276607,103.9685556,6667,1,490.05,32,3,59.1081,135.2498753,85.06539477,102.5735054,4,0,279026,0.96,30.63276607,103.9685556,6667,1,490.05,32,4,52.8306,135.2498753,85.06539477,102.5735054,4,0,279026,1
30.63276452,103.9685608,6667,1,490.04,32,3,39.6115,110.4528067,77.43283863,83.7674086,4,0,279027,0.96,30.63276452,103.9685608,6667,1,490.04,32,4,40.5225,110.4528067,77.43283863,83.7674086,4,0,279027,1
30.63276084,103.9685673,6667,1,490.04,31,3,40.0983,115.5971833,79.14838226,87.6689038,4,0,279028,0.96,30.63276084,103.9685673,6667,1,490.04,31,4,61.7911,115.5971833,79.14838226,87.6689038,4,0,279028,1
30.6327575,103.9685714,6667,1,490.03,32,3,66.444,138.9720193,86.08849042,105.3963794,4,0,279029,0.96,30.6327575,103.9685714,6667,1,490.03,32,4,49.8498,138.9720193,86.08849042,105.3963794,4,0,279029,1
30.63275215,103.968576,6667,1,490.03,31,3,44.6935,119.8869343,80.52152926,90.92225101,4,0,279030,0.96,30.63275215,103.968576,6667,1,490.03,31,4,42.5193,119.8869343,80.52152926,90.92225101,4,0,279030,1
30.63274633,103.9685799,6667,1,490.03,31,3,36.4244,111.1368973,77.66552126,84.28622294,4,0,279031,0.96,30.63274633,103.9685799,6667,1,490.03,31,4,48.3845,111.1368973,77.66552126,84.28622294,4,0,279031,1
30.63274043,103.9685823,6667,1,490.04,32,3,40.2028,110.1233014,77.32024786,83.51751177,4,0,279032,0.96,30.63274043,103.9685823,6667,1,490.04,32,4,66.0432,110.1233014,77.32024786,83.51751177,4,0,279032,1
30.63273094,103.9685882,6667,1,490.05,32,3,56.2994,119.8382078,80.50620955,90.8852968,4,0,279034,0.96,30.63273094,103.9685882,6667,1,490.05,32,4,52.467,119.8382078,80.50620955,90.8852968,4,0,279034,1
30.63272777,103.968593,6667,1,490.05,32,3,59.0555,139.9289263,86.34708533,106.1220977,4,0,279035,0.96,30.63272777,103.968593,6667,1,490.05,32,4,47.7498,139.9289263,86.34708533,106.1220977,4,0,279035,1
30.63272529,103.9685986,6667,1,490.06,31,3,55.4588,128.8116089,83.22738221,97.69072422,4,0,279036,0.96,30.63272529,103.9685986,6667,1,490.06,31,4,49.0445,128.8116089,83.22738221,97.69072422,4,0,279036,1
30.63272232,103.9686046,6667,1,490.06,31,3,59.7128,120.3637004,80.67109768,91.28383041,4,0,279037,0.96,30.63272232,103.9686046,6667,1,490.06,31,4,56.4602,120.3637004,80.67109768,91.28383041,4,0,279037,1
30.63271844,103.9686099,6667,1,490.07,31,3,39.1852,104.9312852,75.50025267,79.57988673,4,0,279038,0.96,30.63271844,103.9686099,6667,1,490.07,31,4,51.7439,104.9312852,75.50025267,79.57988673,4,0,279038,1
30.63271449,103.9686126,6667,1,490.08,31,3,46.5496,123.040647,81.50004589,93.3140267,4,0,279039,0.96,30.63271449,103.9686126,6667,1,490.08,31,4,53.4025,123.040647,81.50004589,93.3140267,4,0,279039,1
30.63271015,103.9686149,6667,1,490.09,31,3,43.3593,121.4960044,81.02395668,92.14256974,4,0,279040,0.96,30.63271015,103.9686149,6667,1,490.09,31,4,56.8137,121.4960044,81.02395668,92.14256974,4,0,279040,1
30.63270588,103.9686171,6667,1,490.09,31,3,53.0505,132.1459081,84.19045012,100.2194567,4,0,279041,0.96,30.63270588,103.9686171,6667,1,490.09,31,4,48.4497,132.1459081,84.19045012,100.2194567,4,0,279041,1
30.63269983,103.96862,6667,1,490.1,31,3,47.0247,111.86166,77.9104805,84.83588298,4,0,279042,0.96,30.63269983,103.96862,6667,1,490.1,31,4,55.7424,111.86166,77.9104805,84.83588298,4,0,279042,1
30.63269373,103.9686229,6667,1,490.1,31,3,37.6252,111.7825882,77.88383264,84.77591492,4,0,279043,0.96,30.63269373,103.9686229,6667,1,490.1,31,4,52.1188,111.7825882,77.88383264,84.77591492,4,0,279043,1
30.63268715,103.9686245,6667,1,490.11,31,3,30.3318,99.75915923,73.59539514,75.65734636,4,0,279044,0.96,30.63268715,103.9686245,6667,1,490.11,31,4,52.3861,99.75915923,73.59539514,75.65734636,4,0,279044,1
30.63268254,103.9686248,6667,1,490.11,31,3,47.3164,123.0766615,81.51107484,93.34134011,4,0,279045,0.96,30.63268254,103.9686248,6667,1,490.11,31,4,62.5197,123.0766615,81.51107484,93.34134011,4,0,279045,1
30.63267799,103.9686251,6667,1,490.12,31,3,37.0449,111.6730135,77.84687385,84.69281345,4,0,279046,0.96,30.63267799,103.9686251,6667,1,490.12,31,4,57.7701,111.6730135,77.84687385,84.69281345,4,0,279046,1
30.63267152,103.9686257,6667,1,490.13,31,3,32.0567,96.15509541,72.20872249,72.92402436,4,0,279047,0.96,30.63267152,103.9686257,6667,1,490.13,31,4,51.7819,96.15509541,72.20872249,72.92402436,4,0,279047,1
30.63266553,103.9686273,6667,1,490.14,31,3,33.9515,91.18683377,70.20945995,69.15609473,4,0,279048,0.96,30.63266553,103.9686273,6667,1,490.14,31,4,56.1838,91.18683377,70.20945995,69.15609473,4,0,279048,1
30.63266041,103.9686303,6667,1,490.14,31,3,55.31,121.9195016,81.15508643,92.46375001,4,0,279049,0.96,30.63266041,103.9686303,6667,1,490.14,31,4,62.7286,121.9195016,81.15508643,92.46375001,4,0,279049,1
30.63265667,103.9686349,6667,1,490.15,31,3,31.0498,103.3148662,74.91521448,78.35399451,4,0,279050,0.96,30.63265667,103.9686349,6667,1,490.15,31,4,64.2232,103.3148662,74.91521448,78.35399451,4,0,279050,1
30.6326537,103.9686401,6667,1,490.16,31,3,35.3987,99.9134338,73.65362886,75.77434819,4,0,279051,0.96,30.6326537,103.9686401,6667,1,490.16,31,4,44.6243,99.9134338,73.65362886,75.77434819,4,0,279051,1
30.63265014,103.9686454,6667,1,490.16,31,3,36.7543,132.5027465,84.29207512,100.4900829,4,0,279052,0.96,30.63265014,103.9686454,6667,1,490.16,31,4,50.188,132.5027465,84.29207512,100.4900829,4,0,279052,1
30.63264561,103.9686503,6667,1,490.17,31,3,26.7214,114.5978265,78.82117276,86.91099162,4,0,279053,0.96,30.63264561,103.9686503,6667,1,490.17,31,4,58.7255,114.5978265,78.82117276,86.91099162,4,0,279053,1
30.63264018,103.9686545,6667,1,490.17,31,3,18.7224,106.431733,76.03530675,80.7178263,4,0,279054,0.96,30.63264018,103.9686545,6667,1,490.17,31,4,50.7807,106.431733,76.03530675,80.7178263,4,0,279054,1
30.63263577,103.9686563,6667,1,490.18,32,3,27.9652,126.6595795,82.59246798,96.0586251,4,0,279055,0.96,30.63263577,103.9686563,6667,1,490.18,32,4,45.451,126.6595795,82.59246798,96.0586251,4,0,279055,1
30.63263088,103.9686564,6667,1,490.18,31,3,35.0797,110.088375,77.30829389,83.49102358,4,0,279056,0.96,30.63263088,103.9686564,6667,1,490.18,31,4,67.1928,110.088375,77.30829389,83.49102358,4,0,279056,1
30.63262606,103.968655,6667,1,490.18,31,3,33.3293,102.9442807,74.77979719,78.07294252,4,0,279057,0.96,30.63262606,103.968655,6667,1,490.18,31,4,47.1488,102.9442807,74.77979719,78.07294252,4,0,279057,1
30.6326217,103.9686525,6667,1,490.19,31,3,24.6322,120.5956947,80.7436635,91.45977489,4,0,279058,0.96,30.6326217,103.9686525,6667,1,490.19,31,4,54.2952,120.5956947,80.7436635,91.45977489,4,0,279058,1
30.632618,103.9686489,6667,1,490.19,31,3,31.3895,109.719611,77.18184823,83.211353,4,0,279059,0.96,30.632618,103.9686489,6667,1,490.19,31,4,47.8345,109.719611,77.18184823,83.211353,4,0,279059,1
30.63261498,103.9686446,6667,1,490.19,31,3,37.686,110.4185935,77.42116375,83.74146133,4,0,279060,0.96,30.63261498,103.9686446,6667,1,490.19,31,4,57.5358,110.4185935,77.42116375,83.74146133,4,0,279060,1
30.63261261,103.9686399,6667,1,490.19,31,3,31.5248,109.378321,77.06444389,82.95251866,4,0,279061,0.96,30.63261261,103.9686399,6667,1,490.19,31,4,36.3852,109.378321,77.06444389,82.95251866,4,0,279061,1
30.6326109,103.968635,6667,1,490.19,32,3,22.4551,122.5623357,81.35326278,92.95127538,4,0,279062,0.96,30.6326109,103.968635,6667,1,490.19,32,4,43.0602,122.5623357,81.35326278,92.95127538,4,0,279062,1
30.63260973,103.9686298,6667,1,490.2,32,3,29.6174,113.6923815,78.52223858,86.22430215,4,0,279063,0.96,30.63260973,103.9686298,6667,1,490.2,32,4,49.1101,113.6923815,78.52223858,86.22430215,4,0,279063,1
30.63260887,103.9686244,6667,1,490.2,31,3,29.6075,110.526534,77.457985,83.8233234,4,0,279064,0.96,30.63260887,103.9686244,6667,1,490.2,31,4,49.1101,110.526534,77.457985,83.8233234,4,0,279064,1
30.63260844,103.9686191,6667,1,490.2,31,3,44.9216,130.5786437,83.74083045,99.03084336,4,0,279065,0.96,30.63260844,103.9686191,6667,1,490.2,31,4,60.3309,130.5786437,83.74083045,99.03084336,4,0,279065,1
30.63260795,103.968614,6667,1,490.2,31,3,24.2027,103.2693482,74.89860775,78.3194737,4,0,279066,0.96,30.63260795,103.968614,6667,1,490.2,31,4,45.9217,103.2693482,74.89860775,78.3194737,4,0,279066,1
30.63260691,103.9686066,6667,1,490.2,31,3,27.6078,106.3553895,76.00826561,80.65992742,4,0,279067,0.96,30.63260691,103.9686066,6667,1,490.2,31,4,39.8193,106.3553895,76.00826561,80.65992742,4,0,279067,1
30.63260582,103.9685993,6667,1,490.21,31,3,23.8056,104.7380787,75.43080056,79.43335891,4,0,279068,0.96,30.63260582,103.9685993,6667,1,490.21,31,4,51.6484,104.7380787,75.43080056,79.43335891,4,0,279068,1
30.63272292,103.9685447,6667,1,490.11,32,4,59.6068,120.6653923,80.76543703,91.51263353,4,0,279016,1,30.63272292,103.9685447,6667,1,490.11,32,5,58.6,120.6653923,80.76543703,91.51263353,4,0,279016,0.83
30.63272837,103.968542,6667,1,490.1,32,4,36.0186,111.9802441,77.95040905,84.92581714,4,0,279017,1,30.63272837,103.968542,6667,1,490.1,32,5,58.6528,111.9802441,77.95040905,84.92581714,4,0,279017,0.83
30.63273391,103.9685392,6667,1,490.09,31,4,51.3886,104.5265775,75.35462499,79.27295635,4,0,279018,1,30.63273391,103.9685392,6667,1,490.09,31,5,60.1932,104.5265775,75.35462499,79.27295635,4,0,279018,0.83
30.63273978,103.9685365,6667,1,490.09,31,4,62.5737,103.2312355,74.8846971,78.29056901,4,0,279019,1,30.63273978,103.9685365,6667,1,490.09,31,5,42.8816,103.2312355,74.8846971,78.29056901,4,0,279019,0.83
30.63274584,103.9685347,6667,1,490.08,31,4,52.6912,92.2557861,70.64865913,69.96678818,4,0,279020,1,30.63274584,103.9685347,6667,1,490.08,31,5,52.0867,92.2557861,70.64865913,69.96678818,4,0,279020,0.83
30.63275225,103.9685347,6667,1,490.07,31,4,59.2294,140.8532056,86.59518936,106.8230711,4,0,279021,1,30.63275225,103.9685347,6667,1,490.07,31,5,58.2143,140.8532056,86.59518936,106.8230711,4,0,279021,0.83
30.6327585,103.9685363,6667,1,490.07,31,4,36.2473,106.2455289,75.96931848,80.57660912,4,0,279022,1,30.6327585,103.9685363,6667,1,490.07,31,5,56.3282,106.2455289,75.96931848,80.57660912,4,0,279022,0.83
30.63276234,103.9685391,6667,1,490.06,31,4,49.61,110.9625934,77.60637078,84.15403083,4,0,279023,1,30.63276234,103.9685391,6667,1,490.06,31,5,61.7362,110.9625934,77.60637078,84.15403083,4,0,279023,0.83
30.63276516,103.9685438,6667,1,490.05,31,4,51.4016,115.4308778,79.09412717,87.5427777,4,0,279024,1,30.63276516,103.9685438,6667,1,490.05,31,5,47.9535,115.4308778,79.09412717,87.5427777,4,0,279024,0.83
30.63276638,103.9685496,6667,1,490.05,31,4,52.216,111.752734,77.87376662,84.7532735,4,0,279025,1,30.63276638,103.9685496,6667,1,490.05,31,5,71.2354,111.752734,77.87376662,84.7532735,4,0,279025,0.83
30.63276607,103.9685556,6667,1,490.05,32,4,52.8306,135.2498753,85.06539477,102.5735054,4,0,279026,1,30.63276607,103.9685556,6667,1,490.05,32,5,69.3116,135.2498753,85.06539477,102.5735054,4,0,279026,0.83
30.63276452,103.9685608,6667,1,490.04,32,4,40.5225,110.4528067,77.43283863,83.7674086,4,0,279027,1,30.63276452,103.9685608,6667,1,490.04,32,5,58.0326,110.4528067,77.43283863,83.7674086,4,0,279027,0.83
30.63276084,103.9685673,6667,1,490.04,31,4,61.7911,115.5971833,79.14838226,87.6689038,4,0,279028,1,30.63276084,103.9685673,6667,1,490.04,31,5,55.2921,115.5971833,79.14838226,87.6689038,4,0,279028,0.83
30.6327575,103.9685714,6667,1,490.03,32,4,49.8498,138.9720193,86.08849042,105.3963794,4,0,279029,1,30.6327575,103.9685714,6667,1,490.03,32,5,47.2964,138.9720193,86.08849042,105.3963794,4,0,279029,0.83
30.63275215,103.968576,6667,1,490.03,31,4,42.5193,119.8869343,80.52152926,90.92225101,4,0,279030,1,30.63275215,103.968576,6667,1,490.03,31,5,55.9811,119.8869343,80.52152926,90.92225101,4,0,279030,0.83
30.63274633,103.9685799,6667,1,490.03,31,4,48.3845,111.1368973,77.66552126,84.28622294,4,0,279031,1,30.63274633,103.9685799,6667,1,490.03,31,5,64.1078,111.1368973,77.66552126,84.28622294,4,0,279031,0.83
30.63274043,103.9685823,6667,1,490.04,32,4,66.0432,110.1233014,77.32024786,83.51751177,4,0,279032,1,30.63274043,103.9685823,6667,1,490.04,32,5,47.2032,110.1233014,77.32024786,83.51751177,4,0,279032,0.83
30.63273094,103.9685882,6667,1,490.05,32,4,52.467,119.8382078,80.50620955,90.8852968,4,0,279034,1,30.63273094,103.9685882,6667,1,490.05,32,5,69.1191,119.8382078,80.50620955,90.8852968,4,0,279034,0.83
30.63272777,103.968593,6667,1,490.05,32,4,47.7498,139.9289263,86.34708533,106.1220977,4,0,279035,1,30.63272777,103.968593,6667,1,490.05,32,5,48.8802,139.9289263,86.34708533,106.1220977,4,0,279035,0.83
30.63272529,103.9685986,6667,1,490.06,31,4,49.0445,128.8116089,83.22738221,97.69072422,4,0,279036,1,30.63272529,103.9685986,6667,1,490.06,31,5,69.2235,128.8116089,83.22738221,97.69072422,4,0,279036,0.83
30.63272232,103.9686046,6667,1,490.06,31,4,56.4602,120.3637004,80.67109768,91.28383041,4,0,279037,1,30.63272232,103.9686046,6667,1,490.06,31,5,52.3262,120.3637004,80.67109768,91.28383041,4,0,279037,0.83
30.63271844,103.9686099,6667,1,490.07,31,4,51.7439,104.9312852,75.50025267,79.57988673,4,0,279038,1,30.63271844,103.9686099,6667,1,490.07,31,5,53.4482,104.9312852,75.50025267,79.57988673,4,0,279038,0.83
30.63271449,103.9686126,6667,1,490.08,31,4,53.4025,123.040647,81.50004589,93.3140267,4,0,279039,1,30.63271449,103.9686126,6667,1,490.08,31,5,58.2523,123.040647,81.50004589,93.3140267,4,0,279039,0.83
30.63271015,103.9686149,6667,1,490.09,31,4,56.8137,121.4960044,81.02395668,92.14256974,4,0,279040,1,30.63271015,103.9686149,6667,1,490.09,31,5,56.5684,121.4960044,81.02395668,92.14256974,4,0,279040,0.83
30.63270588,103.9686171,6667,1,490.09,31,4,48.4497,132.1459081,84.19045012,100.2194567,4,0,279041,1,30.63270588,103.9686171,6667,1,490.09,31,5,58.8882,132.1459081,84.19045012,100.2194567,4,0,279041,0.83
30.63269983,103.96862,6667,1,490.1,31,4,55.7424,111.86166,77.9104805,84.83588298,4,0,279042,1,30.63269983,103.96862,6667,1,490.1,31,5,66.2095,111.86166,77.9104805,84.83588298,4,0,279042,0.83
30.63269373,103.9686229,6667,1,490.1,31,4,52.1188,111.7825882,77.88383264,84.77591492,4,0,279043,1,30.63269373,103.9686229,6667,1,490.1,31,5,63.7117,111.7825882,77.88383264,84.77591492,4,0,279043,0.83
30.63268715,103.9686245,6667,1,490.11,31,4,52.3861,99.75915923,73.59539514,75.65734636,4,0,279044,1,30.63268715,103.9686245,6667,1,490.11,31,5,59.7496,99.75915923,73.59539514,75.65734636,4,0,279044,0.83
30.63268254,103.9686248,6667,1,490.11,31,4,62.5197,123.0766615,81.51107484,93.34134011,4,0,279045,1,30.63268254,103.9686248,6667,1,490.11,31,5,65.0674,123.0766615,81.51107484,93.34134011,4,0,279045,0.83
30.63267799,103.9686251,6667,1,490.12,31,4,57.7701,111.6730135,77.84687385,84.69281345,4,0,279046,1,30.63267799,103.9686251,6667,1,490.12,31,5,63.2901,111.6730135,77.84687385,84.69281345,4,0,279046,0.83
30.63267152,103.9686257,6667,1,490.13,31,4,51.7819,96.15509541,72.20872249,72.92402436,4,0,279047,1,30.63267152,103.9686257,6667,1,490.13,31,5,60.2085,96.15509541,72.20872249,72.92402436,4,0,279047,0.83
30.63266553,103.9686273,6667,1,490.14,31,4,56.1838,91.18683377,70.20945995,69.15609473,4,0,279048,1,30.63266553,103.9686273,6667,1,490.14,31,5,54.9514,91.18683377,70.20945995,69.15609473,4,0,279048,0.83
30.63266041,103.9686303,6667,1,490.14,31,4,62.7286,121.9195016,81.15508643,92.46375001,4,0,279049,1,30.63266041,103.9686303,6667,1,490.14,31,5,65.0229,121.9195016,81.15508643,92.46375001,4,0,279049,0.83
30.63265667,103.9686349,6667,1,490.15,31,4,64.2232,103.3148662,74.91521448,78.35399451,4,0,279050,1,30.63265667,103.9686349,6667,1,490.15,31,5,51.1619,103.3148662,74.91521448,78.35399451,4,0,279050,0.83
30.6326537,103.9686401,6667,1,490.16,31,4,44.6243,99.9134338,73.65362886,75.77434819,4,0,279051,1,30.6326537,103.9686401,6667,1,490.16,31,5,62.7858,99.9134338,73.65362886,75.77434819,4,0,279051,0.83
30.63264561,103.9686503,6667,1,490.17,31,4,58.7255,114.5978265,78.82117276,86.91099162,4,0,279053,1,30.63264561,103.9686503,6667,1,490.17,31,5,54.2972,114.5978265,78.82117276,86.91099162,4,0,279053,0.83
30.63264018,103.9686545,6667,1,490.17,31,4,50.7807,106.431733,76.03530675,80.7178263,4,0,279054,1,30.63264018,103.9686545,6667,1,490.17,31,5,55.3382,106.431733,76.03530675,80.7178263,4,0,279054,0.83
30.63263577,103.9686563,6667,1,490.18,32,4,45.451,126.6595795,82.59246798,96.0586251,4,0,279055,1,30.63263577,103.9686563,6667,1,490.18,32,5,62.4845,126.6595795,82.59246798,96.0586251,4,0,279055,0.83
30.63263088,103.9686564,6667,1,490.18,31,4,67.1928,110.088375,77.30829389,83.49102358,4,0,279056,1,30.63263088,103.9686564,6667,1,490.18,31,5,56.2608,110.088375,77.30829389,83.49102358,4,0,279056,0.83
30.63262606,103.968655,6667,1,490.18,31,4,47.1488,102.9442807,74.77979719,78.07294252,4,0,279057,1,30.63262606,103.968655,6667,1,490.18,31,5,51.2845,102.9442807,74.77979719,78.07294252,4,0,279057,0.83
30.6326217,103.9686525,6667,1,490.19,31,4,54.2952,120.5956947,80.7436635,91.45977489,4,0,279058,1,30.6326217,103.9686525,6667,1,490.19,31,5,71.7816,120.5956947,80.7436635,91.45977489,4,0,279058,0.83
30.632618,103.9686489,6667,1,490.19,31,4,47.8345,109.719611,77.18184823,83.211353,4,0,279059,1,30.632618,103.9686489,6667,1,490.19,31,5,62.001,109.719611,77.18184823,83.211353,4,0,279059,0.83
30.63261498,103.9686446,6667,1,490.19,31,4,57.5358,110.4185935,77.42116375,83.74146133,4,0,279060,1,30.63261498,103.9686446,6667,1,490.19,31,5,66.8232,110.4185935,77.42116375,83.74146133,4,0,279060,0.83
30.63261261,103.9686399,6667,1,490.19,31,4,36.3852,109.378321,77.06444389,82.95251866,4,0,279061,1,30.63261261,103.9686399,6667,1,490.19,31,5,60.6613,109.378321,77.06444389,82.95251866,4,0,279061,0.83
30.6326109,103.968635,6667,1,490.19,32,4,43.0602,122.5623357,81.35326278,92.95127538,4,0,279062,1,30.6326109,103.968635,6667,1,490.19,32,5,56.824,122.5623357,81.35326278,92.95127538,4,0,279062,0.83
30.63260973,103.9686298,6667,1,490.2,32,4,49.1101,113.6923815,78.52223858,86.22430215,4,0,279063,1,30.63260973,103.9686298,6667,1,490.2,32,5,48.2676,113.6923815,78.52223858,86.22430215,4,0,279063,0.83
30.63260887,103.9686244,6667,1,490.2,31,4,49.1101,110.526534,77.457985,83.8233234,4,0,279064,1,30.63260887,103.9686244,6667,1,490.2,31,5,46.5803,110.526534,77.457985,83.8233234,4,0,279064,0.83
30.63260844,103.9686191,6667,1,490.2,31,4,60.3309,130.5786437,83.74083045,99.03084336,4,0,279065,1,30.63260844,103.9686191,6667,1,490.2,31,5,59.108,130.5786437,83.74083045,99.03084336,4,0,279065,0.83
30.63260795,103.968614,6667,1,490.2,31,4,45.9217,103.2693482,74.89860775,78.3194737,4,0,279066,1,30.63260795,103.968614,6667,1,490.2,31,5,59.108,103.2693482,74.89860775,78.3194737,4,0,279066,0.83
30.63260691,103.9686066,6667,1,490.2,31,4,39.8193,106.3553895,76.00826561,80.65992742,4,0,279067,1,30.63260691,103.9686066,6667,1,490.2,31,5,69.9862,106.3553895,76.00826561,80.65992742,4,0,279067,0.83
30.63260582,103.9685993,6667,1,490.21,31,4,51.6484,104.7380787,75.43080056,79.43335891,4,0,279068,1,30.63260582,103.9685993,6667,1,490.21,31,5,43.8494,104.7380787,75.43080056,79.43335891,4,0,279068,0.83
30.63272292,103.9685447,6667,1,490.11,32,5,58.6,120.6653923,80.76543703,91.51263353,4,0,279016,0.83,30.63272292,103.9685447,6667,1,490.11,32,6,65.3956,120.6653923,80.76543703,91.51263353,4,0,279016,0.96
30.63272837,103.968542,6667,1,490.1,32,5,58.6528,111.9802441,77.95040905,84.92581714,4,0,279017,0.83,30.63272837,103.968542,6667,1,490.1,32,6,68.2824,111.9802441,77.95040905,84.92581714,4,0,279017,0.96
30.63273391,103.9685392,6667,1,490.09,31,5,60.1932,104.5265775,75.35462499,79.27295635,4,0,279018,0.83,30.63273391,103.9685392,6667,1,490.09,31,6,47.6719,104.5265775,75.35462499,79.27295635,4,0,279018,0.96
30.63273978,103.9685365,6667,1,490.09,31,5,42.8816,103.2312355,74.8846971,78.29056901,4,0,279019,0.83,30.63273978,103.9685365,6667,1,490.09,31,6,53.2463,103.2312355,74.8846971,78.29056901,4,0,279019,0.96
30.63274584,103.9685347,6667,1,490.08,31,5,52.0867,92.2557861,70.64865913,69.96678818,4,0,279020,0.83,30.63274584,103.9685347,6667,1,490.08,31,6,65.54,92.2557861,70.64865913,69.96678818,4,0,279020,0.96
30.63275225,103.9685347,6667,1,490.07,31,5,58.2143,140.8532056,86.59518936,106.8230711,4,0,279021,0.83,30.63275225,103.9685347,6667,1,490.07,31,6,75.2305,140.8532056,86.59518936,106.8230711,4,0,279021,0.96
30.6327585,103.9685363,6667,1,490.07,31,5,56.3282,106.2455289,75.96931848,80.57660912,4,0,279022,0.83,30.6327585,103.9685363,6667,1,490.07,31,6,72.0171,106.2455289,75.96931848,80.57660912,4,0,279022,0.96
30.63276234,103.9685391,6667,1,490.06,31,5,61.7362,110.9625934,77.60637078,84.15403083,4,0,279023,0.83,30.63276234,103.9685391,6667,1,490.06,31,6,52.8229,110.9625934,77.60637078,84.15403083,4,0,279023,0.96
30.63276516,103.9685438,6667,1,490.05,31,5,47.9535,115.4308778,79.09412717,87.5427777,4,0,279024,0.83,30.63276516,103.9685438,6667,1,490.05,31,6,72.8917,115.4308778,79.09412717,87.5427777,4,0,279024,0.96
30.63276638,103.9685496,6667,1,490.05,31,5,71.2354,111.752734,77.87376662,84.7532735,4,0,279025,0.83,30.63276638,103.9685496,6667,1,490.05,31,6,48.7319,111.752734,77.87376662,84.7532735,4,0,279025,0.96
30.63276607,103.9685556,6667,1,490.05,32,5,69.3116,135.2498753,85.06539477,102.5735054,4,0,279026,0.83,30.63276607,103.9685556,6667,1,490.05,32,6,49.3735,135.2498753,85.06539477,102.5735054,4,0,279026,0.96
30.63276452,103.9685608,6667,1,490.04,32,5,58.0326,110.4528067,77.43283863,83.7674086,4,0,279027,0.83,30.63276452,103.9685608,6667,1,490.04,32,6,69.5266,110.4528067,77.43283863,83.7674086,4,0,279027,0.96
30.63276084,103.9685673,6667,1,490.04,31,5,55.2921,115.5971833,79.14838226,87.6689038,4,0,279028,0.83,30.63276084,103.9685673,6667,1,490.04,31,6,59.7113,115.5971833,79.14838226,87.6689038,4,0,279028,0.96
30.6327575,103.9685714,6667,1,490.03,32,5,47.2964,138.9720193,86.08849042,105.3963794,4,0,279029,0.83,30.6327575,103.9685714,6667,1,490.03,32,6,55.252,138.9720193,86.08849042,105.3963794,4,0,279029,0.96
30.63275215,103.968576,6667,1,490.03,31,5,55.9811,119.8869343,80.52152926,90.92225101,4,0,279030,0.83,30.63275215,103.968576,6667,1,490.03,31,6,50.3434,119.8869343,80.52152926,90.92225101,4,0,279030,0.96
30.63274633,103.9685799,6667,1,490.03,31,5,64.1078,111.1368973,77.66552126,84.28622294,4,0,279031,0.83,30.63274633,103.9685799,6667,1,490.03,31,6,64.9866,111.1368973,77.66552126,84.28622294,4,0,279031,0.96
30.63274043,103.9685823,6667,1,490.04,32,5,47.2032,110.1233014,77.32024786,83.51751177,4,0,279032,0.83,30.63274043,103.9685823,6667,1,490.04,32,6,73.3387,110.1233014,77.32024786,83.51751177,4,0,279032,0.96
30.63273506,103.9685846,6667,1,490.04,32,5,57.2459,108.2911582,76.68800093,82.12801437,4,0,279033,0.83,30.63273506,103.9685846,6667,1,490.04,32,6,86.783,108.2911582,76.68800093,82.12801437,4,0,279033,0.96
30.63273094,103.9685882,6667,1,490.05,32,5,69.1191,119.8382078,80.50620955,90.8852968,4,0,279034,0.83,30.63273094,103.9685882,6667,1,490.05,32,6,73.1745,119.8382078,80.50620955,90.8852968,4,0,279034,0.96
30.63272777,103.968593,6667,1,490.05,32,5,48.8802,139.9289263,86.34708533,106.1220977,4,0,279035,0.83,30.63272777,103.968593,6667,1,490.05,32,6,74.4678,139.9289263,86.34708533,106.1220977,4,0,279035,0.96
30.63272529,103.9685986,6667,1,490.06,31,5,69.2235,128.8116089,83.22738221,97.69072422,4,0,279036,0.83,30.63272529,103.9685986,6667,1,490.06,31,6,48.5832,128.8116089,83.22738221,97.69072422,4,0,279036,0.96
30.63272232,103.9686046,6667,1,490.06,31,5,52.3262,120.3637004,80.67109768,91.28383041,4,0,279037,0.83,30.63272232,103.9686046,6667,1,490.06,31,6,61.9232,120.3637004,80.67109768,91.28383041,4,0,279037,0.96
30.63271844,103.9686099,6667,1,490.07,31,5,53.4482,104.9312852,75.50025267,79.57988673,4,0,279038,0.83,30.63271844,103.9686099,6667,1,490.07,31,6,61.7501,104.9312852,75.50025267,79.57988673,4,0,279038,0.96
30.63271449,103.9686126,6667,1,490.08,31,5,58.2523,123.040647,81.50004589,93.3140267,4,0,279039,0.83,30.63271449,103.9686126,6667,1,490.08,31,6,74.0766,123.040647,81.50004589,93.3140267,4,0,279039,0.96
30.63271015,103.9686149,6667,1,490.09,31,5,56.5684,121.4960044,81.02395668,92.14256974,4,0,279040,0.83,30.63271015,103.9686149,6667,1,490.09,31,6,77.1786,121.4960044,81.02395668,92.14256974,4,0,279040,0.96
30.63270588,103.9686171,6667,1,490.09,31,5,58.8882,132.1459081,84.19045012,100.2194567,4,0,279041,0.83,30.63270588,103.9686171,6667,1,490.09,31,6,44.0674,132.1459081,84.19045012,100.2194567,4,0,279041,0.96
30.63269983,103.96862,6667,1,490.1,31,5,66.2095,111.86166,77.9104805,84.83588298,4,0,279042,0.83,30.63269983,103.96862,6667,1,490.1,31,6,64.0085,111.86166,77.9104805,84.83588298,4,0,279042,0.96
30.63269373,103.9686229,6667,1,490.1,31,5,63.7117,111.7825882,77.88383264,84.77591492,4,0,279043,0.83,30.63269373,103.9686229,6667,1,490.1,31,6,62.0765,111.7825882,77.88383264,84.77591492,4,0,279043,0.96
30.63268715,103.9686245,6667,1,490.11,31,5,59.7496,99.75915923,73.59539514,75.65734636,4,0,279044,0.83,30.63268715,103.9686245,6667,1,490.11,31,6,66.3904,99.75915923,73.59539514,75.65734636,4,0,279044,0.96
30.63268254,103.9686248,6667,1,490.11,31,5,65.0674,123.0766615,81.51107484,93.34134011,4,0,279045,0.83,30.63268254,103.9686248,6667,1,490.11,31,6,65.8917,123.0766615,81.51107484,93.34134011,4,0,279045,0.96
30.63267799,103.9686251,6667,1,490.12,31,5,63.2901,111.6730135,77.84687385,84.69281345,4,0,279046,0.83,30.63267799,103.9686251,6667,1,490.12,31,6,92.479,111.6730135,77.84687385,84.69281345,4,0,279046,0.96
30.63267152,103.9686257,6667,1,490.13,31,5,60.2085,96.15509541,72.20872249,72.92402436,4,0,279047,0.83,30.63267152,103.9686257,6667,1,490.13,31,6,62.9575,96.15509541,72.20872249,72.92402436,4,0,279047,0.96
30.63266553,103.9686273,6667,1,490.14,31,5,54.9514,91.18683377,70.20945995,69.15609473,4,0,279048,0.83,30.63266553,103.9686273,6667,1,490.14,31,6,70.8145,91.18683377,70.20945995,69.15609473,4,0,279048,0.96
30.63266041,103.9686303,6667,1,490.14,31,5,65.0229,121.9195016,81.15508643,92.46375001,4,0,279049,0.83,30.63266041,103.9686303,6667,1,490.14,31,6,67.5762,121.9195016,81.15508643,92.46375001,4,0,279049,0.96
30.63265667,103.9686349,6667,1,490.15,31,5,51.1619,103.3148662,74.91521448,78.35399451,4,0,279050,0.83,30.63265667,103.9686349,6667,1,490.15,31,6,68.6282,103.3148662,74.91521448,78.35399451,4,0,279050,0.96
30.6326537,103.9686401,6667,1,490.16,31,5,62.7858,99.9134338,73.65362886,75.77434819,4,0,279051,0.83,30.6326537,103.9686401,6667,1,490.16,31,6,86.5,99.9134338,73.65362886,75.77434819,4,0,279051,0.96
30.63264561,103.9686503,6667,1,490.17,31,5,54.2972,114.5978265,78.82117276,86.91099162,4,0,279053,0.83,30.63264561,103.9686503,6667,1,490.17,31,6,74.3105,114.5978265,78.82117276,86.91099162,4,0,279053,0.96
30.63264018,103.9686545,6667,1,490.17,31,5,55.3382,106.431733,76.03530675,80.7178263,4,0,279054,0.83,30.63264018,103.9686545,6667,1,490.17,31,6,66.035,106.431733,76.03530675,80.7178263,4,0,279054,0.96
30.63263577,103.9686563,6667,1,490.18,32,5,62.4845,126.6595795,82.59246798,96.0586251,4,0,279055,0.83,30.63263577,103.9686563,6667,1,490.18,32,6,75.8651,126.6595795,82.59246798,96.0586251,4,0,279055,0.96
30.63263088,103.9686564,6667,1,490.18,31,5,56.2608,110.088375,77.30829389,83.49102358,4,0,279056,0.83,30.63263088,103.9686564,6667,1,490.18,31,6,80.016,110.088375,77.30829389,83.49102358,4,0,279056,0.96
30.63262606,103.968655,6667,1,490.18,31,5,51.2845,102.9442807,74.77979719,78.07294252,4,0,279057,0.83,30.63262606,103.968655,6667,1,490.18,31,6,61.7546,102.9442807,74.77979719,78.07294252,4,0,279057,0.96
30.6326217,103.9686525,6667,1,490.19,31,5,71.7816,120.5956947,80.7436635,91.45977489,4,0,279058,0.83,30.6326217,103.9686525,6667,1,490.19,31,6,63.9697,120.5956947,80.7436635,91.45977489,4,0,279058,0.96
30.632618,103.9686489,6667,1,490.19,31,5,62.001,109.719611,77.18184823,83.211353,4,0,279059,0.83,30.632618,103.9686489,6667,1,490.19,31,6,57.099,109.719611,77.18184823,83.211353,4,0,279059,0.96
30.63261498,103.9686446,6667,1,490.19,31,5,66.8232,110.4185935,77.42116375,83.74146133,4,0,279060,0.83,30.63261498,103.9686446,6667,1,490.19,31,6,52.3084,110.4185935,77.42116375,83.74146133,4,0,279060,0.96
30.63261261,103.9686399,6667,1,490.19,31,5,60.6613,109.378321,77.06444389,82.95251866,4,0,279061,0.83,30.63261261,103.9686399,6667,1,490.19,31,6,73.143,109.378321,77.06444389,82.95251866,4,0,279061,0.96
30.6326109,103.968635,6667,1,490.19,32,5,56.824,122.5623357,81.35326278,92.95127538,4,0,279062,0.83,30.6326109,103.968635,6667,1,490.19,32,6,63.1464,122.5623357,81.35326278,92.95127538,4,0,279062,0.96
30.63260887,103.9686244,6667,1,490.2,31,5,46.5803,110.526534,77.457985,83.8233234,4,0,279064,0.83,30.63260887,103.9686244,6667,1,490.2,31,6,61.7546,110.526534,77.457985,83.8233234,4,0,279064,0.96
30.63260844,103.9686191,6667,1,490.2,31,5,59.108,130.5786437,83.74083045,99.03084336,4,0,279065,0.83,30.63260844,103.9686191,6667,1,490.2,31,6,63.9697,130.5786437,83.74083045,99.03084336,4,0,279065,0.96
30.63260795,103.968614,6667,1,490.2,31,5,59.108,103.2693482,74.89860775,78.3194737,4,0,279066,0.83,30.63260795,103.968614,6667,1,490.2,31,6,57.099,103.2693482,74.89860775,78.3194737,4,0,279066,0.96
30.63260691,103.9686066,6667,1,490.2,31,5,69.9862,106.3553895,76.00826561,80.65992742,4,0,279067,0.83,30.63260691,103.9686066,6667,1,490.2,31,6,52.3084,106.3553895,76.00826561,80.65992742,4,0,279067,0.96
30.63260582,103.9685993,6667,1,490.21,31,5,43.8494,104.7380787,75.43080056,79.43335891,4,0,279068,0.83,30.63260582,103.9685993,6667,1,490.21,31,6,53.3257,104.7380787,75.43080056,79.43335891,4,0,279068,0.96
30.63271721,103.9685481,6667,1,490.12,29,6,59.4201,160.9221911,91.6149335,122.0433897,4,0,279015,0.96,30.63271721,103.9685481,6667,1,490.12,29,7,73.3369,160.9221911,91.6149335,122.0433897,4,0,279015,0.83
30.63272292,103.9685447,6667,1,490.11,32,6,65.3956,120.6653923,80.76543703,91.51263353,4,0,279016,0.96,30.63272292,103.9685447,6667,1,490.11,32,7,75.9242,120.6653923,80.76543703,91.51263353,4,0,279016,0.83
30.63272837,103.968542,6667,1,490.1,32,6,68.2824,111.9802441,77.95040905,84.92581714,4,0,279017,0.96,30.63272837,103.968542,6667,1,490.1,32,7,65.9845,111.9802441,77.95040905,84.92581714,4,0,279017,0.83
30.63273391,103.9685392,6667,1,490.09,31,6,47.6719,104.5265775,75.35462499,79.27295635,4,0,279018,0.96,30.63273391,103.9685392,6667,1,490.09,31,7,59.079,104.5265775,75.35462499,79.27295635,4,0,279018,0.83
30.63273978,103.9685365,6667,1,490.09,31,6,53.2463,103.2312355,74.8846971,78.29056901,4,0,279019,0.96,30.63273978,103.9685365,6667,1,490.09,31,7,56.8859,103.2312355,74.8846971,78.29056901,4,0,279019,0.83
30.63274584,103.9685347,6667,1,490.08,31,6,65.54,92.2557861,70.64865913,69.96678818,4,0,279020,0.96,30.63274584,103.9685347,6667,1,490.08,31,7,83.8068,92.2557861,70.64865913,69.96678818,4,0,279020,0.83
30.63275225,103.9685347,6667,1,490.07,31,6,75.2305,140.8532056,86.59518936,106.8230711,4,0,279021,0.96,30.63275225,103.9685347,6667,1,490.07,31,7,85.132,140.8532056,86.59518936,106.8230711,4,0,279021,0.83
30.6327585,103.9685363,6667,1,490.07,31,6,72.0171,106.2455289,75.96931848,80.57660912,4,0,279022,0.96,30.6327585,103.9685363,6667,1,490.07,31,7,76.7039,106.2455289,75.96931848,80.57660912,4,0,279022,0.83
30.63276234,103.9685391,6667,1,490.06,31,6,52.8229,110.9625934,77.60637078,84.15403083,4,0,279023,0.96,30.63276234,103.9685391,6667,1,490.06,31,7,72.6205,110.9625934,77.60637078,84.15403083,4,0,279023,0.83
30.63276516,103.9685438,6667,1,490.05,31,6,72.8917,115.4308778,79.09412717,87.5427777,4,0,279024,0.96,30.63276516,103.9685438,6667,1,490.05,31,7,72.3023,115.4308778,79.09412717,87.5427777,4,0,279024,0.83
30.63276638,103.9685496,6667,1,490.05,31,6,48.7319,111.752734,77.87376662,84.7532735,4,0,279025,0.96,30.63276638,103.9685496,6667,1,490.05,31,7,71.6712,111.752734,77.87376662,84.7532735,4,0,279025,0.83
30.63276607,103.9685556,6667,1,490.05,32,6,49.3735,135.2498753,85.06539477,102.5735054,4,0,279026,0.96,30.63276607,103.9685556,6667,1,490.05,32,7,68.1977,135.2498753,85.06539477,102.5735054,4,0,279026,0.83
30.63276452,103.9685608,6667,1,490.04,32,6,69.5266,110.4528067,77.43283863,83.7674086,4,0,279027,0.96,30.63276452,103.9685608,6667,1,490.04,32,7,84.3695,110.4528067,77.43283863,83.7674086,4,0,279027,0.83
30.63276084,103.9685673,6667,1,490.04,31,6,59.7113,115.5971833,79.14838226,87.6689038,4,0,279028,0.96,30.63276084,103.9685673,6667,1,490.04,31,7,79.4319,115.5971833,79.14838226,87.6689038,4,0,279028,0.83
30.6327575,103.9685714,6667,1,490.03,32,6,55.252,138.9720193,86.08849042,105.3963794,4,0,279029,0.96,30.6327575,103.9685714,6667,1,490.03,32,7,74.6537,138.9720193,86.08849042,105.3963794,4,0,279029,0.83
30.63275215,103.968576,6667,1,490.03,31,6,50.3434,119.8869343,80.52152926,90.92225101,4,0,279030,0.96,30.63275215,103.968576,6667,1,490.03,31,7,58.8189,119.8869343,80.52152926,90.92225101,4,0,279030,0.83
30.63274633,103.9685799,6667,1,490.03,31,6,64.9866,111.1368973,77.66552126,84.28622294,4,0,279031,0.96,30.63274633,103.9685799,6667,1,490.03,31,7,83.6991,111.1368973,77.66552126,84.28622294,4,0,279031,0.83
30.63274043,103.9685823,6667,1,490.04,32,6,73.3387,110.1233014,77.32024786,83.51751177,4,0,279032,0.96,30.63274043,103.9685823,6667,1,490.04,32,7,89.4439,110.1233014,77.32024786,83.51751177,4,0,279032,0.83
30.63273506,103.9685846,6667,1,490.04,32,6,86.783,108.2911582,76.68800093,82.12801437,4,0,279033,0.96,30.63273506,103.9685846,6667,1,490.04,32,7,89.6019,108.2911582,76.68800093,82.12801437,4,0,279033,0.83
30.63273094,103.9685882,6667,1,490.05,32,6,73.1745,119.8382078,80.50620955,90.8852968,4,0,279034,0.96,30.63273094,103.9685882,6667,1,490.05,32,7,91.654,119.8382078,80.50620955,90.8852968,4,0,279034,0.83
30.63272777,103.968593,6667,1,490.05,32,6,74.4678,139.9289263,86.34708533,106.1220977,4,0,279035,0.96,30.63272777,103.968593,6667,1,490.05,32,7,80.8963,139.9289263,86.34708533,106.1220977,4,0,279035,0.83
30.63272529,103.9685986,6667,1,490.06,31,6,48.5832,128.8116089,83.22738221,97.69072422,4,0,279036,0.96,30.63272529,103.9685986,6667,1,490.06,31,7,63.3683,128.8116089,83.22738221,97.69072422,4,0,279036,0.83
30.63272232,103.9686046,6667,1,490.06,31,6,61.9232,120.3637004,80.67109768,91.28383041,4,0,279037,0.96,30.63272232,103.9686046,6667,1,490.06,31,7,78.785,120.3637004,80.67109768,91.28383041,4,0,279037,0.83
30.63271844,103.9686099,6667,1,490.07,31,6,61.7501,104.9312852,75.50025267,79.57988673,4,0,279038,0.96,30.63271844,103.9686099,6667,1,490.07,31,7,71.2463,104.9312852,75.50025267,79.57988673,4,0,279038,0.83
30.63271449,103.9686126,6667,1,490.08,31,6,74.0766,123.040647,81.50004589,93.3140267,4,0,279039,0.96,30.63271449,103.9686126,6667,1,490.08,31,7,70.5062,123.040647,81.50004589,93.3140267,4,0,279039,0.83
30.63271015,103.9686149,6667,1,490.09,31,6,77.1786,121.4960044,81.02395668,92.14256974,4,0,279040,0.96,30.63271015,103.9686149,6667,1,490.09,31,7,77.8283,121.4960044,81.02395668,92.14256974,4,0,279040,0.83
30.63270588,103.9686171,6667,1,490.09,31,6,44.0674,132.1459081,84.19045012,100.2194567,4,0,279041,0.96,30.63270588,103.9686171,6667,1,490.09,31,7,59.0479,132.1459081,84.19045012,100.2194567,4,0,279041,0.83
30.63269983,103.96862,6667,1,490.1,31,6,64.0085,111.86166,77.9104805,84.83588298,4,0,279042,0.96,30.63269983,103.96862,6667,1,490.1,31,7,78.782,111.86166,77.9104805,84.83588298,4,0,279042,0.83
30.63269373,103.9686229,6667,1,490.1,31,6,62.0765,111.7825882,77.88383264,84.77591492,4,0,279043,0.96,30.63269373,103.9686229,6667,1,490.1,31,7,73.4321,111.7825882,77.88383264,84.77591492,4,0,279043,0.83
30.63268715,103.9686245,6667,1,490.11,31,6,66.3904,99.75915923,73.59539514,75.65734636,4,0,279044,0.96,30.63268715,103.9686245,6667,1,490.11,31,7,75.4575,99.75915923,73.59539514,75.65734636,4,0,279044,0.83
30.63268254,103.9686248,6667,1,490.11,31,6,65.8917,123.0766615,81.51107484,93.34134011,4,0,279045,0.96,30.63268254,103.9686248,6667,1,490.11,31,7,69.0756,123.0766615,81.51107484,93.34134011,4,0,279045,0.83
30.63267799,103.9686251,6667,1,490.12,31,6,92.479,111.6730135,77.84687385,84.69281345,4,0,279046,0.96,30.63267799,103.9686251,6667,1,490.12,31,7,98.974,111.6730135,77.84687385,84.69281345,4,0,279046,0.83
30.63267152,103.9686257,6667,1,490.13,31,6,62.9575,96.15509541,72.20872249,72.92402436,4,0,279047,0.96,30.63267152,103.9686257,6667,1,490.13,31,7,82.9714,96.15509541,72.20872249,72.92402436,4,0,279047,0.83
30.63266553,103.9686273,6667,1,490.14,31,6,70.8145,91.18683377,70.20945995,69.15609473,4,0,279048,0.96,30.63266553,103.9686273,6667,1,490.14,31,7,66.6387,91.18683377,70.20945995,69.15609473,4,0,279048,0.83
30.63266041,103.9686303,6667,1,490.14,31,6,67.5762,121.9195016,81.15508643,92.46375001,4,0,279049,0.96,30.63266041,103.9686303,6667,1,490.14,31,7,93.5,121.9195016,81.15508643,92.46375001,4,0,279049,0.83
30.63265667,103.9686349,6667,1,490.15,31,6,68.6282,103.3148662,74.91521448,78.35399451,4,0,279050,0.96,30.63265667,103.9686349,6667,1,490.15,31,7,83.7106,103.3148662,74.91521448,78.35399451,4,0,279050,0.83
30.6326537,103.9686401,6667,1,490.16,31,6,86.5,99.9134338,73.65362886,75.77434819,4,0,279051,0.96,30.6326537,103.9686401,6667,1,490.16,31,7,97.284,99.9134338,73.65362886,75.77434819,4,0,279051,0.83
30.63265014,103.9686454,6667,1,490.16,31,6,73.7005,132.5027465,84.29207512,100.4900829,4,0,279052,0.96,30.63265014,103.9686454,6667,1,490.16,31,7,72.0907,132.5027465,84.29207512,100.4900829,4,0,279052,0.83
30.63264561,103.9686503,6667,1,490.17,31,6,74.3105,114.5978265,78.82117276,86.91099162,4,0,279053,0.96,30.63264561,103.9686503,6667,1,490.17,31,7,81.5328,114.5978265,78.82117276,86.91099162,4,0,279053,0.83
30.63264018,103.9686545,6667,1,490.17,31,6,66.035,106.431733,76.03530675,80.7178263,4,0,279054,0.96,30.63264018,103.9686545,6667,1,490.17,31,7,85.3403,106.431733,76.03530675,80.7178263,4,0,279054,0.83
30.63263577,103.9686563,6667,1,490.18,32,6,75.8651,126.6595795,82.59246798,96.0586251,4,0,279055,0.96,30.63263577,103.9686563,6667,1,490.18,32,7,87.7958,126.6595795,82.59246798,96.0586251,4,0,279055,0.83
30.63263088,103.9686564,6667,1,490.18,31,6,80.016,110.088375,77.30829389,83.49102358,4,0,279056,0.96,30.63263088,103.9686564,6667,1,490.18,31,7,90.512,110.088375,77.30829389,83.49102358,4,0,279056,0.83
30.63262606,103.968655,6667,1,490.18,31,6,61.7546,102.9442807,74.77979719,78.07294252,4,0,279057,0.96,30.63262606,103.968655,6667,1,490.18,31,7,66.9239,102.9442807,74.77979719,78.07294252,4,0,279057,0.83
30.6326217,103.9686525,6667,1,490.19,31,6,63.9697,120.5956947,80.7436635,91.45977489,4,0,279058,0.96,30.6326217,103.9686525,6667,1,490.19,31,7,78.1357,120.5956947,80.7436635,91.45977489,4,0,279058,0.83
30.632618,103.9686489,6667,1,490.19,31,6,57.099,109.719611,77.18184823,83.211353,4,0,279059,0.96,30.632618,103.9686489,6667,1,490.19,31,7,68.1671,109.719611,77.18184823,83.211353,4,0,279059,0.83
30.63261498,103.9686446,6667,1,490.19,31,6,52.3084,110.4185935,77.42116375,83.74146133,4,0,279060,0.96,30.63261498,103.9686446,6667,1,490.19,31,7,73.3269,110.4185935,77.42116375,83.74146133,4,0,279060,0.83
30.63261261,103.9686399,6667,1,490.19,31,6,73.143,109.378321,77.06444389,82.95251866,4,0,279061,0.96,30.63261261,103.9686399,6667,1,490.19,31,7,81.2847,109.378321,77.06444389,82.95251866,4,0,279061,0.83
30.6326109,103.968635,6667,1,490.19,32,6,63.1464,122.5623357,81.35326278,92.95127538,4,0,279062,0.96,30.6326109,103.968635,6667,1,490.19,32,7,68.5408,122.5623357,81.35326278,92.95127538,4,0,279062,0.83
30.63260887,103.9686244,6667,1,490.2,31,6,61.7546,110.526534,77.457985,83.8233234,4,0,279064,0.96,30.63260887,103.9686244,6667,1,490.2,31,7,67.9965,110.526534,77.457985,83.8233234,4,0,279064,0.83
30.63260844,103.9686191,6667,1,490.2,31,6,63.9697,130.5786437,83.74083045,99.03084336,4,0,279065,0.96,30.63260844,103.9686191,6667,1,490.2,31,7,61.3974,130.5786437,83.74083045,99.03084336,4,0,279065,0.83
30.63260795,103.968614,6667,1,490.2,31,6,57.099,103.2693482,74.89860775,78.3194737,4,0,279066,0.96,30.63260795,103.968614,6667,1,490.2,31,7,59.1349,103.2693482,74.89860775,78.3194737,4,0,279066,0.83
30.63260691,103.9686066,6667,1,490.2,31,6,52.3084,106.3553895,76.00826561,80.65992742,4,0,279067,0.96,30.63260691,103.9686066,6667,1,490.2,31,7,49.0847,106.3553895,76.00826561,80.65992742,4,0,279067,0.83
30.63260582,103.9685993,6667,1,490.21,31,6,53.3257,104.7380787,75.43080056,79.43335891,4,0,279068,0.96,30.63260582,103.9685993,6667,1,490.21,31,7,65.3289,104.7380787,75.43080056,79.43335891,4,0,279068,0.83
30.63272292,103.9685447,6667,1,490.11,32,7,75.9242,120.6653923,80.76543703,91.51263353,4,0,279016,0.83,30.63272292,103.9685447,6667,1,490.11,32,8,73.9022,120.6653923,80.76543703,91.51263353,4,0,279016,0.75
30.63272837,103.968542,6667,1,490.1,32,7,65.9845,111.9802441,77.95040905,84.92581714,4,0,279017,0.83,30.63272837,103.968542,6667,1,490.1,32,8,74.2538,111.9802441,77.95040905,84.92581714,4,0,279017,0.75
30.63273391,103.9685392,6667,1,490.09,31,7,59.079,104.5265775,75.35462499,79.27295635,4,0,279018,0.83,30.63273391,103.9685392,6667,1,490.09,31,8,65.2475,104.5265775,75.35462499,79.27295635,4,0,279018,0.75
30.63273978,103.9685365,6667,1,490.09,31,7,56.8859,103.2312355,74.8846971,78.29056901,4,0,279019,0.83,30.63273978,103.9685365,6667,1,490.09,31,8,79.3019,103.2312355,74.8846971,78.29056901,4,0,279019,0.75
30.63274584,103.9685347,6667,1,490.08,31,7,83.8068,92.2557861,70.64865913,69.96678818,4,0,279020,0.83,30.63274584,103.9685347,6667,1,490.08,31,8,79.3644,92.2557861,70.64865913,69.96678818,4,0,279020,0.75
30.63275225,103.9685347,6667,1,490.07,31,7,85.132,140.8532056,86.59518936,106.8230711,4,0,279021,0.83,30.63275225,103.9685347,6667,1,490.07,31,8,84.6456,140.8532056,86.59518936,106.8230711,4,0,279021,0.75
30.6327585,103.9685363,6667,1,490.07,31,7,76.7039,106.2455289,75.96931848,80.57660912,4,0,279022,0.83,30.6327585,103.9685363,6667,1,490.07,31,8,89.7849,106.2455289,75.96931848,80.57660912,4,0,279022,0.75
30.63276516,103.9685438,6667,1,490.05,31,7,72.3023,115.4308778,79.09412717,87.5427777,4,0,279024,0.83,30.63276516,103.9685438,6667,1,490.05,31,8,85.0431,115.4308778,79.09412717,87.5427777,4,0,279024,0.75
30.63276638,103.9685496,6667,1,490.05,31,7,71.6712,111.752734,77.87376662,84.7532735,4,0,279025,0.83,30.63276638,103.9685496,6667,1,490.05,31,8,65.4274,111.752734,77.87376662,84.7532735,4,0,279025,0.75
30.63276607,103.9685556,6667,1,490.05,32,7,68.1977,135.2498753,85.06539477,102.5735054,4,0,279026,0.83,30.63276607,103.9685556,6667,1,490.05,32,8,70.0521,135.2498753,85.06539477,102.5735054,4,0,279026,0.75
30.63276452,103.9685608,6667,1,490.04,32,7,84.3695,110.4528067,77.43283863,83.7674086,4,0,279027,0.83,30.63276452,103.9685608,6667,1,490.04,32,8,77.2466,110.4528067,77.43283863,83.7674086,4,0,279027,0.75
30.63276084,103.9685673,6667,1,490.04,31,7,79.4319,115.5971833,79.14838226,87.6689038,4,0,279028,0.83,30.63276084,103.9685673,6667,1,490.04,31,8,67.1175,115.5971833,79.14838226,87.6689038,4,0,279028,0.75
30.6327575,103.9685714,6667,1,490.03,32,7,74.6537,138.9720193,86.08849042,105.3963794,4,0,279029,0.83,30.6327575,103.9685714,6667,1,490.03,32,8,63.2532,138.9720193,86.08849042,105.3963794,4,0,279029,0.75
30.63275215,103.968576,6667,1,490.03,31,7,58.8189,119.8869343,80.52152926,90.92225101,4,0,279030,0.83,30.63275215,103.968576,6667,1,490.03,31,8,68.1381,119.8869343,80.52152926,90.92225101,4,0,279030,0.75
30.63274633,103.9685799,6667,1,490.03,31,7,83.6991,111.1368973,77.66552126,84.28622294,4,0,279031,0.83,30.63274633,103.9685799,6667,1,490.03,31,8,76.041,111.1368973,77.66552126,84.28622294,4,0,279031,0.75
30.63274043,103.9685823,6667,1,490.04,32,7,89.4439,110.1233014,77.32024786,83.51751177,4,0,279032,0.83,30.63274043,103.9685823,6667,1,490.04,32,8,91.714,110.1233014,77.32024786,83.51751177,4,0,279032,0.75
30.63273506,103.9685846,6667,1,490.04,32,7,89.6019,108.2911582,76.68800093,82.12801437,4,0,279033,0.83,30.63273506,103.9685846,6667,1,490.04,32,8,61.6997,108.2911582,76.68800093,82.12801437,4,0,279033,0.75
30.63273094,103.9685882,6667,1,490.05,32,7,91.654,119.8382078,80.50620955,90.8852968,4,0,279034,0.83,30.63273094,103.9685882,6667,1,490.05,32,8,89.7402,119.8382078,80.50620955,90.8852968,4,0,279034,0.75
30.63272777,103.968593,6667,1,490.05,32,7,80.8963,139.9289263,86.34708533,106.1220977,4,0,279035,0.83,30.63272777,103.968593,6667,1,490.05,32,8,63.8501,139.9289263,86.34708533,106.1220977,4,0,279035,0.75
30.63272529,103.9685986,6667,1,490.06,31,7,63.3683,128.8116089,83.22738221,97.69072422,4,0,279036,0.83,30.63272529,103.9685986,6667,1,490.06,31,8,92.2445,128.8116089,83.22738221,97.69072422,4,0,279036,0.75
30.63272232,103.9686046,6667,1,490.06,31,7,78.785,120.3637004,80.67109768,91.28383041,4,0,279037,0.83,30.63272232,103.9686046,6667,1,490.06,31,8,71.7543,120.3637004,80.67109768,91.28383041,4,0,279037,0.75
30.63271844,103.9686099,6667,1,490.07,31,7,71.2463,104.9312852,75.50025267,79.57988673,4,0,279038,0.83,30.63271844,103.9686099,6667,1,490.07,31,8,61.7214,104.9312852,75.50025267,79.57988673,4,0,279038,0.75
30.63271449,103.9686126,6667,1,490.08,31,7,70.5062,123.040647,81.50004589,93.3140267,4,0,279039,0.83,30.63271449,103.9686126,6667,1,490.08,31,8,53.7224,123.040647,81.50004589,93.3140267,4,0,279039,0.75
30.63271015,103.9686149,6667,1,490.09,31,7,77.8283,121.4960044,81.02395668,92.14256974,4,0,279040,0.83,30.63271015,103.9686149,6667,1,490.09,31,8,62.9652,121.4960044,81.02395668,92.14256974,4,0,279040,0.75
30.63270588,103.9686171,6667,1,490.09,31,7,59.0479,132.1459081,84.19045012,100.2194567,4,0,279041,0.83,30.63270588,103.9686171,6667,1,490.09,31,8,70.0797,132.1459081,84.19045012,100.2194567,4,0,279041,0.75
30.63269983,103.96862,6667,1,490.1,31,7,78.782,111.86166,77.9104805,84.83588298,4,0,279042,0.83,30.63269983,103.96862,6667,1,490.1,31,8,68.3293,111.86166,77.9104805,84.83588298,4,0,279042,0.75
30.63269373,103.9686229,6667,1,490.1,31,7,73.4321,111.7825882,77.88383264,84.77591492,4,0,279043,0.83,30.63269373,103.9686229,6667,1,490.1,31,8,59.6322,111.7825882,77.88383264,84.77591492,4,0,279043,0.75
30.63268715,103.9686245,6667,1,490.11,31,7,75.4575,99.75915923,73.59539514,75.65734636,4,0,279044,0.83,30.63268715,103.9686245,6667,1,490.11,31,8,66.3895,99.75915923,73.59539514,75.65734636,4,0,279044,0.75
30.63268254,103.9686248,6667,1,490.11,31,7,69.0756,123.0766615,81.51107484,93.34134011,4,0,279045,0.83,30.63268254,103.9686248,6667,1,490.11,31,8,72.686,123.0766615,81.51107484,93.34134011,4,0,279045,0.75
30.63267799,103.9686251,6667,1,490.12,31,7,98.974,111.6730135,77.84687385,84.69281345,4,0,279046,0.83,30.63267799,103.9686251,6667,1,490.12,31,8,66.5248,111.6730135,77.84687385,84.69281345,4,0,279046,0.75
30.63267152,103.9686257,6667,1,490.13,31,7,82.9714,96.15509541,72.20872249,72.92402436,4,0,279047,0.83,30.63267152,103.9686257,6667,1,490.13,31,8,57.4551,96.15509541,72.20872249,72.92402436,4,0,279047,0.75
30.63266553,103.9686273,6667,1,490.14,31,7,66.6387,91.18683377,70.20945995,69.15609473,4,0,279048,0.83,30.63266553,103.9686273,6667,1,490.14,31,8,64.6174,91.18683377,70.20945995,69.15609473,4,0,279048,0.75
30.63266041,103.9686303,6667,1,490.14,31,7,93.5,121.9195016,81.15508643,92.46375001,4,0,279049,0.83,30.63266041,103.9686303,6667,1,490.14,31,8,64.6075,121.9195016,81.15508643,92.46375001,4,0,279049,0.75
30.63265667,103.9686349,6667,1,490.15,31,7,83.7106,103.3148662,74.91521448,78.35399451,4,0,279050,0.83,30.63265667,103.9686349,6667,1,490.15,31,8,79.9216,103.3148662,74.91521448,78.35399451,4,0,279050,0.75
30.6326537,103.9686401,6667,1,490.16,31,7,97.284,99.9134338,73.65362886,75.77434819,4,0,279051,0.83,30.6326537,103.9686401,6667,1,490.16,31,8,59.2027,99.9134338,73.65362886,75.77434819,4,0,279051,0.75
30.63265014,103.9686454,6667,1,490.16,31,7,72.0907,132.5027465,84.29207512,100.4900829,4,0,279052,0.83,30.63265014,103.9686454,6667,1,490.16,31,8,62.6078,132.5027465,84.29207512,100.4900829,4,0,279052,0.75
30.63264561,103.9686503,6667,1,490.17,31,7,81.5328,114.5978265,78.82117276,86.91099162,4,0,279053,0.83,30.63264561,103.9686503,6667,1,490.17,31,8,58.8056,114.5978265,78.82117276,86.91099162,4,0,279053,0.75
30.63264018,103.9686545,6667,1,490.17,31,7,85.3403,106.431733,76.03530675,80.7178263,4,0,279054,0.83,30.63264018,103.9686545,6667,1,490.17,31,8,56.2968,106.431733,76.03530675,80.7178263,4,0,279054,0.75
30.63263577,103.9686563,6667,1,490.18,32,7,87.7958,126.6595795,82.59246798,96.0586251,4,0,279055,0.83,30.63263577,103.9686563,6667,1,490.18,32,8,65.6797,126.6595795,82.59246798,96.0586251,4,0,279055,0.75
30.63263088,103.9686564,6667,1,490.18,31,7,90.512,110.088375,77.30829389,83.49102358,4,0,279056,0.83,30.63263088,103.9686564,6667,1,490.18,31,8,69.1151,110.088375,77.30829389,83.49102358,4,0,279056,0.75
30.63262606,103.968655,6667,1,490.18,31,7,66.9239,102.9442807,74.77979719,78.07294252,4,0,279057,0.83,30.63262606,103.968655,6667,1,490.18,31,8,67.924,102.9442807,74.77979719,78.07294252,4,0,279057,0.75
30.6326217,103.9686525,6667,1,490.19,31,7,78.1357,120.5956947,80.7436635,91.45977489,4,0,279058,0.83,30.6326217,103.9686525,6667,1,490.19,31,8,78.7217,120.5956947,80.7436635,91.45977489,4,0,279058,0.75
30.632618,103.9686489,6667,1,490.19,31,7,68.1671,109.719611,77.18184823,83.211353,4,0,279059,0.83,30.632618,103.9686489,6667,1,490.19,31,8,67.9559,109.719611,77.18184823,83.211353,4,0,279059,0.75
30.63261498,103.9686446,6667,1,490.19,31,7,73.3269,110.4185935,77.42116375,83.74146133,4,0,279060,0.83,30.63261498,103.9686446,6667,1,490.19,31,8,65.4391,110.4185935,77.42116375,83.74146133,4,0,279060,0.75
30.63261261,103.9686399,6667,1,490.19,31,7,81.2847,109.378321,77.06444389,82.95251866,4,0,279061,0.83,30.63261261,103.9686399,6667,1,490.19,31,8,76.3897,109.378321,77.06444389,82.95251866,4,0,279061,0.75
30.6326109,103.968635,6667,1,490.19,32,7,68.5408,122.5623357,81.35326278,92.95127538,4,0,279062,0.83,30.6326109,103.968635,6667,1,490.19,32,8,79.9664,122.5623357,81.35326278,92.95127538,4,0,279062,0.75
30.63260887,103.9686244,6667,1,490.2,31,7,67.9965,110.526534,77.457985,83.8233234,4,0,279064,0.83,30.63260887,103.9686244,6667,1,490.2,31,8,87.3009,110.526534,77.457985,83.8233234,4,0,279064,0.75
30.63260844,103.9686191,6667,1,490.2,31,7,61.3974,130.5786437,83.74083045,99.03084336,4,0,279065,0.83,30.63260844,103.9686191,6667,1,490.2,31,8,84.56,130.5786437,83.74083045,99.03084336,4,0,279065,0.75
30.63260691,103.9686066,6667,1,490.2,31,7,49.0847,106.3553895,76.00826561,80.65992742,4,0,279067,0.83,30.63260691,103.9686066,6667,1,490.2,31,8,88.373,106.3553895,76.00826561,80.65992742,4,0,279067,0.75
30.63260582,103.9685993,6667,1,490.21,31,7,65.3289,104.7380787,75.43080056,79.43335891,4,0,279068,0.83,30.63260582,103.9685993,6667,1,490.21,31,8,70.2649,104.7380787,75.43080056,79.43335891,4,0,279068,0.75
